#FFD700, Yellow 012 C
#F93822, Bright Red C
#D62598, Pink C
#4E008E, Medium Purple C
#00249C, Dark Blue C
#F6B700, 3514 C
#DEBC8B, 3596 C
#C59014, 3547 C
#FF9425, 3588 C
#EF6A00, 3564 C
#DE882D, 2428 C
#C25E1C, 2429 C
#D7A179, 2430 C
#DE9353, 2431 C
#DE8C59, 2432 C
#DB7B51, 2433 C
#E3785E, 2434 C
#C17059, 2435 C
#B6533E, 2436 C
#F2BFA0, 2437 C
#E3A184, 2438 C
#C48672, 2439 C
#B59289, 2440 C
#A86F5F, 2441 C
#9F5F54, 2442 C
#8E3A22, 2443 C
#DFB8A7, 3544 C
#DDA69D, 2444 C
#E1A6AD, 3519 C
#FF9DA2, 3572 C
#DD878D, 2445 C
#D0858B, 2446 C
#B06F76, 2447 C
#DA6254, 2448 C
#EE3831, 3556 C
#DC3513, 3516 C
#CD001A, 3546 C
#C10016, 3517 C
#742E34, 3523 C
#472426, 2449 C
#F0C8D9, 3568 C
#F1BCD5, 3595 C
#D74388, 2450 C
#D5419E, 3527 C
#D173A6, 3582 C
#B74271, 2451 C
#C3366F, 2452 C
#B996C3, 2453 C
#B27BC4, 3520 C
#8E51A8, 3559 C
#9B6EB6, 3593 C
#9672C4, 3575 C
#A48DD1, 3543 C
#61007D, 3515 C
#919CD4, 3558 C
#512179, 3555 C
#511E84, 3583 C
#5C4580, 3574 C
#472B74, 3566 C
#400186, 3535 C
#31137C, 3542 C
#1961AE, 3506 C
#3C57A1, 3590 C
#2E3E80, 3584 C
#03257E, 3591 C
#1C3775, 3597 C
#22326E, 3581 C
#2F2951, 3524 C
#8ABADD, 3577 C
#00BCE1, 3545 C
#00A6C8, 3551 C
#0094D5, 3538 C
#006EB3, 3553 C
#287DA1, 2454 C
#7A939C, 3526 C
#93BDB4, 2455 C
#69DBC8, 3533 C
#00B2A2, 3534 C
#319C8A, 2456 C
#00A497, 3560 C
#007C80, 3557 C
#00939D, 3541 C
#8BAA99, 2457 C
#689881, 2458 C
#56B093, 2459 C
#6AAFAA, 2460 C
#259591, 2461 C
#5A8D84, 2462 C
#5B7671, 2463 C
#79BE70, 2464 C
#1E6F30, 2465 C
#00892F, 3522 C
#007737, 3536 C
#006E33, 3500 C
#00491E, 3537 C
#2A514D, 2466 C
#B1D600, 3570 C
#AED000, 3507 C
#79C300, 3561 C
#4CAE04, 3501 C
#1FA824, 3529 C
#3E9A2C, 3539 C
#5E7930, 3508 C
#DAC287, 3599 C
#B7926C, 2467 C
#986A4C, 2468 C
#8F583B, 2469 C
#9A7F62, 2470 C
#A58877, 2471 C
#5F4029, 2472 C
#C4B8BD, 2473 C
#B0A198, 2474 C
#A1877F, 2475 C
#826B6A, 2476 C
#705854, 2477 C
#4C363A, 2478 C
#3E342F, 2479 C
#F6EB61, 100 C
#F7EA48, 101 C
#FCE300, 102 C
#FEDD00, Yellow C
#C5A900, 103 C
#AF9800, 104 C
#897A27, 105 C
#F5E1A4, 7401 C
#ECD898, 7402 C
#EED484, 7403 C
#F4DA40, 7404 C
#F2CD00, 7405 C
#F1C400, 7406 C
#CBA052, 7407 C
#F8E59A, 2001 C
#F9E27D, 2002 C
#F9E267, 2003 C
#FBDD7A, 2004 C
#FED880, 2005 C
#EBBC4E, 2006 C
#E0A526, 2007 C
#F9E547, 106 C
#FBE122, 107 C
#FEDB00, 108 C
#FFD100, 109 C
#DAAA00, 110 C
#AA8A00, 111 C
#9C8412, 112 C
#FAE053, 113 C
#FBDE40, 114 C
#FDDA25, 115 C
#FFCD00, 116 C
#C99700, 117 C
#AC8400, 118 C
#897322, 119 C
#F3DD6D, 127 C
#F3D54E, 128 C
#F3D03E, 129 C
#F2A900, 130 C
#CC8A00, 131 C
#A07400, 132 C
#6C571B, 133 C
#F8E08E, 1205 C
#FBD872, 1215 C
#FFC845, 1225 C
#FFB81C, 1235 C
#C69214, 1245 C
#AD841F, 1255 C
#886B25, 1265 C
#FBDB65, 120 C
#FCD757, 121 C
#FED141, 122 C
#FFC72C, 123 C
#EAAA00, 124 C
#B58500, 125 C
#9A7611, 126 C
#FFC600, 7548 C
#FFB600, 7549 C
#D19000, 7550 C
#B47E00, 7551 C
#73531D, 7552 C
#5A4522, 7553 C
#4B3D2A, 7554 C
#D29F13, 7555 C
#B78B20, 7556 C
#9F7D23, 7557 C
#967126, 7558 C
#8F6A2A, 7559 C
#7D622E, 7560 C
#6C5D34, 7561 C
#FDD26E, 134 C
#FFC658, 135 C
#FFBF3F, 136 C
#FFA400, 137 C
#DE7C00, 138 C
#AF6D04, 139 C
#74531C, 140 C
#EFC06E, 2008 C
#EFB661, 2009 C
#FFAD00, 2010 C
#ED9B33, 2011 C
#EF9600, 2012 C
#FF9800, 2013 C
#B97000, 2014 C
#FDD086, 1345 C
#FFC56E, 1355 C
#FFB549, 1365 C
#FF9E1B, 1375 C
#D57800, 1385 C
#996017, 1395 C
#6E4C1E, 1405 C
#F2C75C, 141 C
#F1BE48, 142 C
#F1B434, 143 C
#ED8B00, 144 C
#CF7F00, 145 C
#A76D11, 146 C
#715C2A, 147 C
#F6BE00, 7408 C
#F0B323, 7409 C
#FEAD77, 7410 C
#E6A65D, 7411 C
#D38235, 7412 C
#DC8633, 7413 C
#C16C18, 7414 C
#BD9B60, 7562 C
#D69A2D, 7563 C
#DB8A06, 7564 C
#CD7925, 7565 C
#AD6433, 7566 C
#89532F, 7567 C
#785135, 7568 C
#D78825, 7569 C
#D3832B, 7570 C
#C67D30, 7571 C
#B67233, 7572 C
#A7662B, 7573 C
#9E6A37, 7574 C
#835D32, 7575 C
#FCC89B, 712 C
#FDBE87, 713 C
#FDAA63, 714 C
#F68D2E, 715 C
#EA7600, 716 C
#D45D00, 717 C
#BE4D00, 718 C
#F8CFA9, 2015 C
#FFB673, 2016 C
#F8AD6D, 2017 C
#FF7500, 2018 C
#D76B00, 2019 C
#BE5400, 2020 C
#9D4815, 2021 C
#FECB8B, 148 C
#FFC27B, 149 C
#FFB25B, 150 C
#FF8200, 151 C
#E57200, 152 C
#BE6A14, 153 C
#9B5A1A, 154 C
#EFD19F, 155 C
#EFBE7D, 156 C
#ECA154, 157 C
#E87722, 158 C
#CB6015, 159 C
#A1561C, 160 C
#603D20, 161 C
#FFAE62, 1485 C
#FF8F1C, 1495 C
#FF6900, 1505 C
#FE5000, Orange 021 C
#B94700, 1525 C
#94450B, 1535 C
#653818, 1545 C
#FFB990, 1555 C
#FFA06A, 1565 C
#FF7F32, 1575 C
#FF6A14, 1585 C
#D86018, 1595 C
#A65523, 1605 C
#8B4720, 1615 C
#FAAA8D, 2022 C
#FA9370, 2023 C
#F87C56, 2024 C
#FF8A3D, 2025 C
#F4633A, 2026 C
#EE5340, 2027 C
#EB3300, 2028 C
#FFBE9F, 162 C
#FF9D6E, 163 C
#FF7F41, 164 C
#FF6720, 165 C
#E35205, 166 C
#BE531C, 167 C
#73391D, 168 C
#DB864E, 7576 C
#E07E3C, 7577 C
#DB6B30, 7578 C
#DC582A, 7579 C
#C05131, 7580 C
#864A33, 7581 C
#674736, 7582 C
#FFA38B, 1625 C
#FF8D6D, 1635 C
#FF6A39, 1645 C
#FC4C02, 1655 C
#DC4405, 1665 C
#A9431E, 1675 C
#833921, 1685 C
#FFB3AB, 169 C
#FF8674, 170 C
#FF5C39, 171 C
#FA4616, 172 C
#CF4520, 173 C
#963821, 174 C
#6B3529, 175 C
#C4622D, 7583 C
#BA5826, 7584 C
#B05C37, 7585 C
#9E5330, 7586 C
#924C2E, 7587 C
#7B4D35, 7588 C
#5C4738, 7589 C
#D4B59E, 7590 C
#C07D59, 7591 C
#B15533, 7592 C
#9D432C, 7593 C
#7C3A2D, 7594 C
#6B3D2E, 7595 C
#5C3D31, 7596 C
#D14124, 7597 C
#BD472A, 7598 C
#B33D26, 7599 C
#8D3F2B, 7600 C
#83412C, 7601 C
#7B4931, 7602 C
#674230, 7603 C
#E4D5D3, 7604 C
#E1BBB4, 7605 C
#D6938A, 7606 C
#C26E60, 7607 C
#A4493D, 7608 C
#823B34, 7609 C
#683431, 7610 C
#F8C1B8, 2337 C
#DEA39C, 2338 C
#F09491, 2339 C
#CF6F77, 2340 C
#B66C6D, 2341 C
#B65A65, 2342 C
#A85566, 2343 C
#DDBCB0, 7611 C
#CA9A8E, 7612 C
#BC8A7E, 7613 C
#A47F74, 7614 C
#866761, 7615 C
#6B4C4C, 7616 C
#583D3E, 7617 C
#EABEB0, 7520 C
#C09C83, 7521 C
#B46A55, 7522 C
#AB5C57, 7523 C
#A45248, 7524 C
#9A6A4F, 7525 C
#8A391B, 7526 C
#ECC3B2, 489 C
#ECBAA8, 488 C
#EAA794, 487 C
#E8927C, 486 C
#DA291C, 485 C
#9A3324, 484 C
#653024, 483 C
#F2827F, 2029 C
#DD7975, 2030 C
#D66965, 2031 C
#D05A57, 2032 C
#C54644, 2033 C
#E73C3E, 2034 C
#D6001C, 2035 C
#F18070, 2344 C
#FF6D6A, 2345 C
#FF5869, 2346 C
#E10600, 2347 C
#E5554F, 2348 C
#CA3604, 2349 C
#AF231C, 2350 C
#FFB1BB, 176 C
#FF808B, 177 C
#FF585D, 178 C
#F9423A, Warm Red C
#E03C31, 179 C
#BE3A34, 180 C
#81312F, 181 C
#FFA3B5, 1765 C
#FF8DA1, 1775 C
#F8485E, 1785 C
#EE2737, 1788 C
#D22730, 1795 C
#AF272F, 1805 C
#7C2629, 1815 C
#FCAFC0, 1767 C
#FB637E, 1777 C
#F4364C, 1787 C
#EF3340, Red 032 C
#CB333B, 1797 C
#A4343A, 1807 C
#643335, 1817 C
#C66E4E, 7618 C
#C04C36, 7619 C
#B7312C, 7620 C
#AB2328, 7621 C
#93282C, 7622 C
#8A2B2B, 7623 C
#802F2D, 7624 C
#E1523E, 7625 C
#C63527, 7626 C
#A72B2A, 7627 C
#9E2A2B, 7628 C
#6D3332, 7629 C
#633231, 7630 C
#572D2D, 7631 C
#E6BAA8, 7415 C
#E56A54, 7416 C
#E04F39, 7417 C
#CD545B, 7418 C
#B04A5A, 7419 C
#9B2242, 7420 C
#651C32, 7421 C
#FABBCB, 182 C
#FC9BB3, 183 C
#F65275, 184 C
#E4002B, 185 C
#C8102E, 186 C
#A6192E, 187 C
#76232F, 188 C
#ECC7CD, 196 C
#E89CAE, 197 C
#DF4661, 198 C
#D50032, 199 C
#BA0C2F, 200 C
#9D2235, 201 C
#862633, 202 C
#F8A3BC, 189 C
#F67599, 190 C
#EF426F, 191 C
#E40046, 192 C
#BF0D3E, 193 C
#9B2743, 194 C
#782F40, 195 C
#F5B6CD, 1895 C
#F59BBB, 1905 C
#EF4B81, 1915 C
#E0004D, 1925 C
#C5003E, 1935 C
#A60A3D, 1945 C
#8A1538, 1955 C
#F5DADF, 705 C
#F7CED7, 706 C
#F8B5C4, 707 C
#F891A5, 708 C
#EF6079, 709 C
#E03E52, 710 C
#CB2C30, 711 C
#F2D4D7, 698 C
#F4C3CC, 699 C
#F2ACB9, 700 C
#E68699, 701 C
#D25B73, 702 C
#B83A4B, 703 C
#9E2B2F, 704 C
#ECB3CB, 203 C
#E782A9, 204 C
#E0457B, 205 C
#CE0037, 206 C
#A50034, 207 C
#862041, 208 C
#6F263D, 209 C
#F99FC9, 210 C
#F57EB6, 211 C
#F04E98, 212 C
#E31C79, 213 C
#CE0F69, 214 C
#AC145A, 215 C
#7D2248, 216 C
#F8BED6, 2036 C
#F395C7, 2037 C
#EF60A3, 2038 C
#E63888, 2039 C
#DB0B5B, 2040 C
#A1224E, 2041 C
#70273D, 2042 C
#F4CDD4, 7422 C
#E06287, 7423 C
#E24585, 7424 C
#B52555, 7425 C
#A4123F, 7426 C
#971B2F, 7427 C
#6A2C3E, 7428 C
#D6C9CA, 7632 C
#C4A4A7, 7633 C
#C16784, 7634 C
#C63663, 7635 C
#BC204B, 7636 C
#912F46, 7637 C
#7E2D40, 7638 C
#EABEDB, 217 C
#E56DB1, 218 C
#DA1984, 219 C
#CE0058, Rubine Red C
#A50050, 220 C
#910048, 221 C
#6C1D45, 222 C
#936D73, 7639 C
#934054, 7640 C
#8E2C48, 7641 C
#732E4A, 7642 C
#672E45, 7643 C
#582D40, 7644 C
#502B3A, 7645 C
#EF95CF, 223 C
#EB6FBD, 224 C
#DF1995, 225 C
#D00070, 226 C
#AA0061, 227 C
#890C58, 228 C
#672146, 229 C
#F4A6D7, 230 C
#F277C6, 231 C
#E93CAC, 232 C
#E10098, Rhodamine Red C
#C6007E, 233 C
#A20067, 234 C
#840B55, 235 C
#EAD3E2, 670 C
#E6BCD7, 671 C
#DFA0C9, 672 C
#D986BA, 673 C
#C7579A, 674 C
#AE2573, 675 C
#960051, 676 C
#EAC4D2, 2043 C
#E793B7, 2044 C
#DD74A1, 2045 C
#CF578A, 2046 C
#A64570, 2047 C
#973961, 2048 C
#852C4D, 2049 C
#E5CEDB, 677 C
#E3C8D8, 678 C
#DEBED2, 679 C
#C996B6, 680 C
#B06C95, 681 C
#994878, 682 C
#7C2855, 683 C
#EFD7E5, 2050 C
#DDC2CF, 2051 C
#C89FB6, 2052 C
#B3809D, 2053 C
#9E708B, 2054 C
#905E7B, 2055 C
#7E4966, 2056 C
#E4C6D4, 684 C
#DCB6C9, 685 C
#D0A1BA, 686 C
#BE84A3, 687 C
#A76389, 688 C
#893B67, 689 C
#612141, 690 C
#EBBECB, 510 C
#E8B3C3, 509 C
#E4A9BB, 508 C
#D592AA, 507 C
#84344E, 506 C
#6F2C3F, 505 C
#572932, 504 C
#E2BCCB, 7429 C
#DCA9BF, 7430 C
#C9809E, 7431 C
#B55C80, 7432 C
#A73A64, 7433 C
#9B3359, 7434 C
#872651, 7435 C
#E9CDD0, 691 C
#E3BEC3, 692 C
#D7A3AB, 693 C
#C48490, 694 C
#B46B7A, 695 C
#984857, 696 C
#893C47, 697 C
#F2C6CF, 496 C
#F1BDC8, 495 C
#E9A2B2, 494 C
#DC8699, 493 C
#8F3237, 492 C
#7F3035, 491 C
#5D2A2C, 490 C
#E9C5C7, 503 C
#E5BAC1, 502 C
#DAA5AD, 501 C
#C6858F, 500 C
#7A3E3A, 499 C
#6A3735, 498 C
#512F2E, 497 C
#DFC2C3, 5035 C
#DBB7BB, 5025 C
#CCA1A6, 5015 C
#B07C83, 5005 C
#9C6169, 4995 C
#874B52, 4985 C
#3F2021, 4975 C
#F1A7DC, 236 C
#EC86D0, 237 C
#E45DBF, 238 C
#DB3EB1, 239 C
#C5299B, 240 C
#AF1685, 241 C
#80225F, 242 C
#CF92B7, 2057 C
#BB85AB, 2058 C
#B87BA1, 2059 C
#C86BA8, 2060 C
#AD5389, 2061 C
#B4458D, 2062 C
#A5307C, 2063 C
#EFBAE1, 2365 C
#E277CD, 2375 C
#D539B5, 2385 C
#C800A1, 2395 C
#B0008E, 2405 C
#9E007E, 2415 C
#830065, 2425 C
#EAB8E4, 243 C
#E59BDC, 244 C
#DD7FD3, 245 C
#C724B1, 246 C
#BB16A3, 247 C
#A51890, 248 C
#80286C, 249 C
#A56E87, 7646 C
#A83D72, 7647 C
#991E66, 7648 C
#8A1B61, 7649 C
#722257, 7650 C
#6A2A5B, 7651 C
#5E2751, 7652 C
#E7BAE4, 250 C
#DD9CDF, 251 C
#C964CF, 252 C
#BB29BB, Purple C
#AD1AAC, 253 C
#981E97, 254 C
#72246C, 255 C
#E0A2D4, 2064 C
#DEA8DD, 2065 C
#D28DD3, 2066 C
#C069C2, 2067 C
#B14EB5, 2068 C
#A438A8, 2069 C
#8F1A95, 2070 C
#EBC6DF, 517 C
#E6BEDD, 516 C
#E2ACD7, 515 C
#D48BC8, 514 C
#93328E, 513 C
#833177, 512 C
#612C51, 511 C
#BD7AB3, 2351 C
#B565A7, 2352 C
#BF4DA5, 2353 C
#924E8C, 2354 C
#87037B, 2355 C
#720062, 2356 C
#621244, 2357 C
#948794, 7653 C
#A2789C, 7654 C
#A15A95, 7655 C
#8E3A80, 7656 C
#6E2B62, 7657 C
#6A3460, 7658 C
#5D3754, 7659 C
#D8C8D1, 5175 C
#D3C0CD, 5165 C
#BFA5B8, 5155 C
#9B7793, 5145 C
#7E5475, 5135 C
#693C5E, 5125 C
#512A44, 5115 C
#DBCDD3, 5245 C
#D0BEC7, 5235 C
#C6B0BC, 5225 C
#AF95A6, 5215 C
#86647A, 5205 C
#66435A, 5195 C
#4A3041, 5185 C
#D5C2D8, 524 C
#C9B1D0, 523 C
#BA9CC5, 522 C
#A57FB2, 521 C
#642F6C, 520 C
#59315F, 519 C
#4B3048, 518 C
#EEDAEA, 7436 C
#CCAED0, 7437 C
#D59ED7, 7438 C
#B288B9, 7439 C
#A277A6, 7440 C
#9F5CC0, 7441 C
#963CBD, 7442 C
#D7A9E3, 2562 C
#C98BDB, 2572 C
#AC4FC6, 2582 C
#9B26B6, 2592 C
#87189D, 2602 C
#772583, 2612 C
#653165, 2622 C
#DFC8E7, 531 C
#D7B9E4, 530 C
#CAA2DD, 529 C
#B580D1, 528 C
#8031A7, 527 C
#702F8A, 526 C
#572C5F, 525 C
#D6BFDD, 256 C
#C6A1CF, 257 C
#8C4799, 258 C
#6D2077, 259 C
#642667, 260 C
#5D295F, 261 C
#51284F, 262 C
#CBA3D8, 2563 C
#B884CB, 2573 C
#A05EB5, 2583 C
#84329B, 2593 C
#702082, 2603 C
#671E75, 2613 C
#5F2167, 2623 C
#B59DBB, 2078 C
#9B7EA4, 2079 C
#9873AC, 2080 C
#865E9C, 2081 C
#784E90, 2082 C
#965EC7, 2083 C
#7F35B2, 2084 C
#C7B2DE, 2071 C
#B896D4, 2072 C
#AF95D3, 2073 C
#9569BE, 2074 C
#8866BC, 2075 C
#8659B5, 2076 C
#6E3FA3, 2077 C
#9991A4, 7660 C
#8D6E97, 7661 C
#7A4282, 7662 C
#6B3077, 7663 C
#653379, 7664 C
#5E366E, 7665 C
#5C4E63, 7666 C
#C1A0DA, 2567 C
#A77BCA, 2577 C
#8246AF, 2587 C
#5C068C, 2597 C
#500878, 2607 C
#470A68, 2617 C
#3C1053, 2627 C
#D7C6E6, 263 C
#C1A7E2, 264 C
#9063CD, 265 C
#753BBD, 266 C
#5F249F, 267 C
#582C83, 268 C
#512D6D, 269 C
#DECDE7, 2085 C
#A08BCB, 2086 C
#9B7DD4, 2087 C
#825DC7, 2088 C
#7248BD, 2089 C
#6638B6, 2090 C
#4C12A1, 2091 C
#C5B4E3, 2635 C
#AD96DC, 2645 C
#9678D3, 2655 C
#7D55C7, 2665 C
#440099, Violet C
#330072, 2685 C
#2E1A47, 2695 C
#B8ACD6, 2092 C
#A699C1, 2093 C
#8E7FAE, 2094 C
#7965B2, 2095 C
#654EA3, 2096 C
#6244BB, 2097 C
#4A25AA, 2098 C
#B1A2CA, 2099 C
#9F8FCA, 2100 C
#8A75D1, 2101 C
#6558B1, 2102 C
#5949A7, 2103 C
#483698, 2104 C
#39207C, 2105 C
#B4B5DF, 270 C
#9595D2, 271 C
#7474C1, 272 C
#24125F, 273 C
#221551, 274 C
#211747, 275 C
#221C35, 276 C
#A7A4E0, 2705 C
#8B84D7, 2715 C
#685BC7, 2725 C
#2E008B, 2735 C
#280071, 2745 C
#250E62, 2755 C
#201547, 2765 C
#6E7CA0, 7667 C
#676E9F, 7668 C
#615E9B, 7669 C
#565294, 7670 C
#514689, 7671 C
#4C4084, 7672 C
#535486, 7673 C
#DDDAE8, 7443 C
#B6B8DC, 7444 C
#A7A2C3, 7445 C
#8986CA, 7446 C
#5D4777, 7447 C
#4B384C, 7448 C
#41273B, 7449 C
#878CB4, 7674 C
#7C7FAB, 7675 C
#7566A0, 7676 C
#6F5091, 7677 C
#68478D, 7678 C
#563D82, 7679 C
#523178, 7680 C
#E5E1E6, 663 C
#E0DBE3, 664 C
#C6BCD0, 665 C
#A192B2, 666 C
#7C6992, 667 C
#614B79, 668 C
#3F2A56, 669 C
#D8D7DF, 5315 C
#C6C4D2, 5305 C
#B3B0C4, 5295 C
#8D89A5, 5285 C
#595478, 5275 C
#403A60, 5265 C
#1E1A34, 5255 C
#ADA4AE, 2358 C
#7F7384, 2359 C
#7B798E, 2360 C
#70708D, 2361 C
#6C6A81, 2362 C
#605D75, 2363 C
#66596C, 2364 C
#B1B5CE, 2106 C
#9099BA, 2107 C
#777FA8, 2108 C
#676D99, 2109 C
#5B618F, 2110 C
#464E7E, 2111 C
#351F65, 2112 C
#A5B0E3, 2113 C
#838DC8, 2114 C
#6F79BD, 2115 C
#6068B2, 2116 C
#44499C, 2117 C
#343579, 2118 C
#2C2E65, 2119 C
#6A6DCD, 2366 C
#4F4CB1, 2367 C
#4D49BE, 2368 C
#3B3FB6, 2369 C
#2F2A95, 2370 C
#33058D, 2371 C
#281E78, 2372 C
#C5CFDA, 538 C
#BBC7D6, 537 C
#A2B2C8, 536 C
#8E9FBC, 535 C
#1B365D, 534 C
#202A44, 533 C
#1D1F2A, 532 C
#D9E1E2, 7541 C
#A4BCC2, 7542 C
#98A4AE, 7543 C
#768692, 7544 C
#425563, 7545 C
#253746, 7546 C
#131E29, 7547 C
#9EA6B4, 2162 C
#869CAE, 2163 C
#7E93A7, 2164 C
#688197, 2165 C
#57728B, 2166 C
#506D85, 2167 C
#254A5D, 2168 C
#73829F, 2373 C
#4D5F80, 2374 C
#4E5B73, 2376 C
#315470, 2377 C
#384967, 2378 C
#3B4559, 2379 C
#28334A, 2380 C
#B9D3DC, 552 C
#A3C7D2, 551 C
#8DB9CA, 550 C
#6BA4B8, 549 C
#003D4C, 548 C
#00313C, 547 C
#072B31, 546 C
#BFCED6, 5455 C
#B7C9D3, 5445 C
#A6BBC8, 5435 C
#7A99AC, 5425 C
#5B7F95, 5415 C
#4F758B, 5405 C
#091F2C, 5395 C
#9EB5CB, 2155 C
#8BA6C1, 2156 C
#7594B3, 2157 C
#5C82A5, 2158 C
#4E769B, 2159 C
#3E6991, 2160 C
#285780, 2161 C
#93A5CF, 2134 C
#758CC0, 2135 C
#8394B8, 2136 C
#6E80A9, 2137 C
#647692, 2138 C
#4D6995, 2139 C
#395382, 2140 C
#D1DDE6, 642 C
#C6D6E3, 643 C
#9BB8D3, 644 C
#7DA1C4, 645 C
#5E8AB4, 646 C
#236192, 647 C
#002E5D, 648 C
#DBE2E9, 649 C
#CED9E5, 650 C
#A7BCD6, 651 C
#7D9CC0, 652 C
#326295, 653 C
#003A70, 654 C
#002554, 655 C
#DDE5ED, 656 C
#C8D8EB, 657 C
#B1C9E8, 658 C
#7BA4DB, 659 C
#407EC9, 660 C
#003594, 661 C
#001A70, 662 C
#B8C9E1, 2127 C
#98B6E4, 2128 C
#5F8DDA, 2129 C
#5576D1, 2130 C
#365ABD, 2131 C
#0857C3, 2132 C
#1D57A5, 2133 C
#BDC5DB, 7450 C
#89ABE3, 7451 C
#8194DD, 7452 C
#7CA6DE, 7453 C
#5F8FB4, 7454 C
#3A5DAE, 7455 C
#606EB2, 7456 C
#BECAE9, 2120 C
#8FACD8, 2121 C
#9BAEE4, 2122 C
#7A93DC, 2123 C
#6F7BD4, 2124 C
#5461C8, 2125 C
#303AB2, 2126 C
#CBD3EA, 2706 C
#9FAEE5, 2716 C
#485CC7, 2726 C
#1E22AA, 2736 C
#171C8F, 2746 C
#151F6D, 2756 C
#141B4D, 2766 C
#B8CCEA, 2708 C
#5C88DA, 2718 C
#0047BB, 2728 C
#06038D, 2738 C
#001871, 2748 C
#001E62, 2758 C
#071D49, 2768 C
#C3D7EE, 2707 C
#A7C6ED, 2717 C
#307FE2, 2727 C
#10069F, Blue 072 C
#001A72, 2747 C
#001E60, 2757 C
#13294B, 2767 C
#ABCAE9, 277 C
#8BB8E8, 278 C
#418FDE, 279 C
#001489, Reflex Blue C
#012169, 280 C
#00205B, 281 C
#041E42, 282 C
#92C1E9, 283 C
#6CACE4, 284 C
#0072CE, 285 C
#0032A0, 286 C
#003087, 287 C
#002D72, 288 C
#0C2340, 289 C
#94A9CB, 7681 C
#6787B7, 7682 C
#426DA9, 7683 C
#385E9D, 7684 C
#2C5697, 7685 C
#1D4F91, 7686 C
#1D4289, 7687 C
#8BBEE8, 2141 C
#7FADE3, 2142 C
#3D87CB, 2143 C
#0067B9, 2144 C
#004EA8, 2145 C
#00358E, 2146 C
#002677, 2147 C
#C6DAE7, 545 C
#BDD6E6, 544 C
#A4C8E1, 543 C
#7BAFD4, 542 C
#003C71, 541 C
#003057, 540 C
#00263A, 539 C
#B9D9EB, 290 C
#9BCBEB, 291 C
#69B3E7, 292 C
#003DA5, 293 C
#002F6C, 294 C
#002855, 295 C
#051C2C, 296 C
#8DC8E8, 2905 C
#62B5E5, 2915 C
#009CDE, 2925 C
#0057B7, 2935 C
#004C97, 2945 C
#003865, 2955 C
#00263E, 2965 C
#81B0D2, 2169 C
#5F9BC6, 2170 C
#489FDF, 2171 C
#147BD1, 2172 C
#0084D5, 2173 C
#0076CE, 2174 C
#006AC6, 2175 C
#5E93DB, 2381 C
#008AD8, 2382 C
#2774AE, 2383 C
#0061A0, 2384 C
#2D68C4, 2386 C
#0762C8, 2387 C
#0050B5, 2388 C
#71C5E8, 297 C
#41B6E6, 298 C
#00A3E0, 299 C
#005EB8, 300 C
#004B87, 301 C
#003B5C, 302 C
#002A3A, 303 C
#4698CA, 7688 C
#298FC2, 7689 C
#0076A8, 7690 C
#006298, 7691 C
#005687, 7692 C
#004976, 7693 C
#01426A, 7694 C
#6191B4, 2148 C
#4C82A8, 2149 C
#36749D, 2150 C
#256BA2, 2151 C
#1A658F, 2152 C
#00567E, 2153 C
#004680, 2154 C
#0092BD, 2183 C
#0084D4, 2184 C
#0076A5, 2185 C
#004986, 2186 C
#004677, 2187 C
#00426A, 2188 C
#003349, 2189 C
#99D6EA, 2975 C
#5BC2E7, 2985 C
#00A9E0, 2995 C
#0077C8, 3005 C
#00629B, 3015 C
#004F71, 3025 C
#003E51, 3035 C
#56B7E6, 2190 C
#00A3E1, 2191 C
#0091DA, 2192 C
#0090DA, 2193 C
#0086D6, 2194 C
#0077CF, 2195 C
#0069B1, 2196 C
#7BA7BC, 7695 C
#6399AE, 7696 C
#4E87A0, 7697 C
#41748D, 7698 C
#34657F, 7699 C
#165C7D, 7700 C
#005776, 7701 C
#A6B8C1, 2176 C
#7FA0AC, 2177 C
#6B8F9C, 2178 C
#527A8A, 2179 C
#3F6C7D, 2180 C
#2B5B6C, 2181 C
#174A5B, 2182 C
#AFCDD7, 2204 C
#89B2C4, 2205 C
#779FB5, 2206 C
#659AB1, 2207 C
#5489A3, 2208 C
#4A86A0, 2209 C
#074F71, 2210 C
#BBDDE6, 7457 C
#71B2C9, 7458 C
#4298B5, 7459 C
#0086BF, 7460 C
#007DBA, 7461 C
#00558C, 7462 C
#002B49, 7463 C
#9ADBE8, 304 C
#59CBE8, 305 C
#00B5E2, 306 C
#0085CA, Process Blue C
#006BA6, 307 C
#00587C, 308 C
#003B49, 309 C
#A4DBE8, 635 C
#8BD3E6, 636 C
#4EC3E0, 637 C
#00AFD7, 638 C
#0095C8, 639 C
#0082BA, 640 C
#0067A0, 641 C
#4C9FC8, 2389 C
#077CAB, 2390 C
#0081A6, 2391 C
#166886, 2392 C
#0092CB, 2393 C
#008BCE, 2394 C
#0099B2, 2396 C
#48A9C5, 7702 C
#009CBD, 7703 C
#0085AD, 7704 C
#007096, 7705 C
#006A8E, 7706 C
#00617F, 7707 C
#005670, 7708 C
#74D2E7, 2197 C
#4AC9E3, 2198 C
#00BBDC, 2199 C
#05A9C7, 2200 C
#00AED6, 2201 C
#00A5DF, 2202 C
#0087AE, 2203 C
#B7DDE1, 628 C
#9BD3DD, 629 C
#77C5D5, 630 C
#3EB1C8, 631 C
#0093B2, 632 C
#007396, 633 C
#005F83, 634 C
#6AD1E3, 310 C
#05C3DD, 311 C
#00A9CE, 312 C
#0092BC, 313 C
#007FA3, 314 C
#00677F, 315 C
#004851, 316 C
#67D2DF, 3105 C
#00C1D4, 3115 C
#00AEC7, 3125 C
#008EAA, 3135 C
#00778B, 3145 C
#006271, 3155 C
#004F59, 3165 C
#63B1BC, 7709 C
#00A7B5, 7710 C
#0097A9, 7711 C
#00859B, 7712 C
#007D8A, 7713 C
#007680, 7714 C
#006269, 7715 C
#72B0BD, 2218 C
#5DA3B2, 2219 C
#4797A8, 2220 C
#2D8C9E, 2221 C
#1D8296, 2222 C
#00788D, 2223 C
#006980, 2224 C
#B1E4E3, 317 C
#88DBDF, 318 C
#2CCCD3, 319 C
#009CA6, 320 C
#008C95, 321 C
#007377, 322 C
#005F61, 323 C
#78D5E1, 2225 C
#3CCBDA, 2226 C
#59BEC9, 2227 C
#00A5BD, 2228 C
#009CB6, 2229 C
#008CA0, 2230 C
#007C91, 2231 C
#A0D1CA, 7464 C
#40C1AC, 7465 C
#00B0B9, 7466 C
#00A3AD, 7467 C
#007398, 7468 C
#005F86, 7469 C
#005A6F, 7470 C
#7EDDD3, 7471 C
#5CB8B2, 7472 C
#279989, 7473 C
#007681, 7474 C
#477A7B, 7475 C
#0D5257, 7476 C
#244C5A, 7477 C
#6F9BA4, 2211 C
#508590, 2212 C
#337179, 2213 C
#2F6F7A, 2214 C
#2E5665, 2215 C
#2D4D58, 2216 C
#003A40, 2217 C
#B6CFD0, 5523 C
#ABC7C9, 5513 C
#94B7BB, 5503 C
#7FA9AE, 5493 C
#4F868E, 5483 C
#115E67, 5473 C
#07272D, 5463 C
#71B0B4, 2232 C
#58A7AF, 2233 C
#4F9FA6, 2234 C
#28939C, 2235 C
#2C9199, 2236 C
#05868E, 2237 C
#006975, 2238 C
#00968F, 7716 C
#00857D, 7717 C
#007672, 7718 C
#006D68, 7719 C
#00635B, 7720 C
#005E5D, 7721 C
#005151, 7722 C
#9CDBD9, 324 C
#64CCC9, 325 C
#00B2A9, 326 C
#008675, 327 C
#007367, 328 C
#00685E, 329 C
#00534C, 330 C
#71DBD4, 3242 C
#2AD2C9, 3252 C
#00BFB2, 3262 C
#00A499, 3272 C
#008578, 3282 C
#00594F, 3292 C
#004C45, 3302 C
#00B7BD, 2397 C
#00BAB3, 2398 C
#00ACA0, 2399 C
#00B097, 2400 C
#34A798, 2401 C
#009D85, 2402 C
#00897B, 2403 C
#7CE0D3, 3245 C
#2CD5C4, 3255 C
#00C7B1, 3265 C
#00B398, 3275 C
#009681, 3285 C
#007864, 3295 C
#004E42, 3305 C
#6DCDB8, 3248 C
#49C5B1, 3258 C
#00AB8E, 3268 C
#009B77, 3278 C
#008264, 3288 C
#006A52, 3298 C
#024638, 3308 C
#B9DCD2, 566 C
#A1D6CA, 565 C
#86C8BC, 564 C
#6BBBAE, 563 C
#006F62, 562 C
#00594C, 561 C
#1D3C34, 560 C
#B5E3D8, 573 C
#A5DFD3, 572 C
#98DBCE, 571 C
#6BCABA, 570 C
#00816D, 569 C
#006C5B, 568 C
#173F35, 567 C
#ADCAB8, 559 C
#9ABEAA, 558 C
#85B09A, 557 C
#6FA287, 556 C
#28724F, 555 C
#205C40, 554 C
#284734, 553 C
#A5B99C, 2404 C
#819E87, 2406 C
#6B8D73, 2407 C
#497B55, 2408 C
#4E6548, 2409 C
#445A3E, 2410 C
#1C4220, 2411 C
#BFCEC2, 5595 C
#A7BDB1, 5585 C
#92ACA0, 5575 C
#7F9C90, 5565 C
#5C7F71, 5555 C
#43695B, 5545 C
#183029, 5535 C
#BAC5B9, 5665 C
#B0BDB0, 5655 C
#A3B2A4, 5645 C
#94A596, 5635 C
#708573, 5625 C
#5E7461, 5615 C
#22372B, 5605 C
#BCC9C5, 5527 C
#B1C0BC, 5517 C
#9DB0AC, 5507 C
#829995, 5497 C
#5E7975, 5487 C
#3E5D58, 5477 C
#18332F, 5467 C
#D1E0D7, 621 C
#B7CDC2, 622 C
#9AB9AD, 623 C
#789F90, 624 C
#507F70, 625 C
#285C4D, 626 C
#13322B, 627 C
#A7E6D7, 331 C
#8CE2D0, 332 C
#3CDBC0, 333 C
#00AB84, Green C
#009775, 334 C
#007B5F, 335 C
#00664F, 336 C
#00CFB4, 2239 C
#00C19F, 2240 C
#58A291, 2241 C
#00A376, 2242 C
#00957A, 2243 C
#1B806D, 2244 C
#008655, 2245 C
#8FD6BD, 337 C
#6ECEB2, 338 C
#00B388, 339 C
#00965E, 340 C
#007A53, 341 C
#006747, 342 C
#115740, 343 C
#50A684, 7723 C
#00966C, 7724 C
#008755, 7725 C
#007B4B, 7726 C
#006F44, 7727 C
#006845, 7728 C
#005844, 7729 C
#7AE1BF, 3375 C
#47D7AC, 3385 C
#00C389, 3395 C
#00AF66, 3405 C
#007749, 3415 C
#006341, 3425 C
#154734, 3435 C
#A8D5BA, 2246 C
#77C19A, 2247 C
#71B790, 2248 C
#5CAA7F, 2249 C
#00B373, 2250 C
#00AD6F, 2251 C
#00A74A, 2252 C
#48D597, 2412 C
#34B78F, 2413 C
#00BB7E, 2414 C
#00B176, 2416 C
#249E6B, 2417 C
#00873E, 2418 C
#007C58, 2419 C
#A0DAB3, 344 C
#91D6AC, 345 C
#71CC98, 346 C
#009A44, 347 C
#00843D, 348 C
#046A38, 349 C
#2C5234, 350 C
#A2E4B8, 351 C
#8FE2B0, 352 C
#80E0A7, 353 C
#00B140, 354 C
#009739, 355 C
#007A33, 356 C
#215732, 357 C
#9BE3BF, 7478 C
#26D07C, 7479 C
#00BF6F, 7480 C
#00B74F, 7481 C
#009F4D, 7482 C
#275D38, 7483 C
#00573F, 7484 C
#BDE9C9, 2253 C
#ADDFB3, 2254 C
#86D295, 2255 C
#56C271, 2256 C
#00AD50, 2257 C
#008522, 2258 C
#027223, 2259 C
#4B9560, 7730 C
#228848, 7731 C
#007A3E, 7732 C
#007041, 7733 C
#286140, 7734 C
#36573B, 7735 C
#385542, 7736 C
#6BA539, 7737 C
#47A23F, 7738 C
#309B42, 7739 C
#3A913F, 7740 C
#44883E, 7741 C
#4A783C, 7742 C
#44693D, 7743 C
#B6CFAE, 2260 C
#9ABB91, 2261 C
#8CAC89, 2262 C
#74956C, 2263 C
#6B9560, 2264 C
#5C7E51, 2265 C
#335525, 2266 C
#ADDC91, 358 C
#A1D884, 359 C
#6CC24A, 360 C
#43B02A, 361 C
#509E2F, 362 C
#4C8D2B, 363 C
#4A7729, 364 C
#9BE198, 2267 C
#79D97C, 2268 C
#7CCC6C, 2269 C
#2CC84D, 2270 C
#00BB31, 2271 C
#009A17, 2272 C
#257226, 2273 C
#00C65E, 2420 C
#30B700, 2421 C
#00A82D, 2422 C
#00AA13, 2423 C
#279F00, 2424 C
#008C15, 2426 C
#025F1D, 2427 C
#D0DEBB, 7485 C
#BCE194, 7486 C
#8EDD65, 7487 C
#78D64B, 7488 C
#74AA50, 7489 C
#719949, 7490 C
#79863C, 7491 C
#CFDCB1, 2274 C
#C3DC93, 2275 C
#89A84F, 2276 C
#55951B, 2277 C
#4E801F, 2278 C
#5E7E29, 2279 C
#4A6A1D, 2280 C
#C2E189, 365 C
#B7DD79, 366 C
#A4D65E, 367 C
#78BE21, 368 C
#64A70B, 369 C
#658D1B, 370 C
#546223, 371 C
#D9EA9A, 2281 C
#C7E995, 2282 C
#A7E163, 2283 C
#B3D57C, 2284 C
#93DA49, 2285 C
#7ACC00, 2286 C
#5BC500, 2287 C
#D4EC8E, 372 C
#CDEA80, 373 C
#C5E86C, 374 C
#97D700, 375 C
#84BD00, 376 C
#7A9A01, 377 C
#59621D, 378 C
#C8E379, 2288 C
#C5D97A, 2289 C
#AADB1E, 2290 C
#A7D500, 2291 C
#93C90F, 2292 C
#8BC400, 2293 C
#78AA00, 2294 C
#E0EC89, 2295 C
#D6E865, 2296 C
#C0DF16, 2297 C
#B7DB57, 2298 C
#A4D233, 2299 C
#A9C23F, 2300 C
#8FAD15, 2301 C
#C4D6A4, 580 C
#BCD19B, 579 C
#B7CE95, 578 C
#A9C47F, 577 C
#789D4A, 576 C
#67823A, 575 C
#4E5B31, 574 C
#D0D1AB, 5807 C
#C6C89B, 5797 C
#BABD8B, 5787 C
#A2A568, 5777 C
#8A8D4A, 5767 C
#6D712E, 5757 C
#3D441E, 5747 C
#D2CE9E, 5875 C
#CBC793, 5865 C
#C0BB87, 5855 C
#AFA96E, 5845 C
#A09958, 5835 C
#89813D, 5825 C
#555025, 5815 C
#C3C6A8, 5803 C
#B3B995, 5793 C
#A3AA83, 5783 C
#899064, 5773 C
#737B4C, 5763 C
#5E6738, 5753 C
#3E4827, 5743 C
#BFCC80, 7492 C
#BBC592, 7493 C
#9CAF88, 7494 C
#8F993E, 7495 C
#76881D, 7496 C
#7A7256, 7497 C
#5B6236, 7498 C
#AEB862, 2302 C
#9EB356, 2303 C
#A0AB4D, 2304 C
#9EA700, 2305 C
#808C24, 2306 C
#686F12, 2307 C
#5D551D, 2308 C
#BABC16, 7744 C
#ABAD23, 7745 C
#999B30, 7746 C
#888D30, 7747 C
#7C8034, 7748 C
#727337, 7749 C
#656635, 7750 C
#E2E868, 379 C
#DBE442, 380 C
#CEDC00, 381 C
#C4D600, 382 C
#A8AD00, 383 C
#949300, 384 C
#787121, 385 C
#E9EC6B, 386 C
#E3E935, 387 C
#E0E722, 388 C
#D0DF00, 389 C
#B5BD00, 390 C
#9A9500, 391 C
#827A04, 392 C
#E3E48D, 587 C
#E0E27C, 586 C
#DBDE70, 585 C
#D2D755, 584 C
#B7BF10, 583 C
#8E8C13, 582 C
#625D20, 581 C
#F0EC74, 393 C
#EDE939, 394 C
#ECE81A, 395 C
#E1E000, 396 C
#BFB800, 397 C
#ADA400, 398 C
#A09200, 399 C
#F3EA5D, 3935 C
#F3E600, 3945 C
#EFDF00, 3955 C
#EEDC00, 3965 C
#BBA600, 3975 C
#9A8700, 3985 C
#685C20, 3995 C
#F1EB9C, 600 C
#F0E991, 601 C
#F0E87B, 602 C
#EDE04B, 603 C
#EADA24, 604 C
#E1CD00, 605 C
#CFB500, 606 C
#EBE49A, 607 C
#E9E186, 608 C
#E6DE77, 609 C
#E1D555, 610 C
#D7C826, 611 C
#C4B000, 612 C
#B39B00, 613 C
#E9DF97, 461 C
#E4D77E, 460 C
#DECD63, 459 C
#D9C756, 458 C
#B89D18, 457 C
#A28E2A, 456 C
#695B24, 455 C
#DCD59A, 614 C
#D6CF8D, 615 C
#D0C883, 616 C
#C0B661, 617 C
#AC9F3C, 618 C
#9F912A, 619 C
#8A7B19, 620 C
#CAB64B, 7751 C
#CFB023, 7752 C
#C1A01F, 7753 C
#A08629, 7754 C
#897630, 7755 C
#736635, 7756 C
#675E33, 7757 C
#D4C304, 7758 C
#C4B200, 7759 C
#91852C, 7760 C
#747136, 7761 C
#5D6439, 7762 C
#585C3B, 7763 C
#535435, 7764 C
#BBB323, 7765 C
#B4A91F, 7766 C
#AA9D2E, 7767 C
#8F7E35, 7768 C
#716135, 7769 C
#635939, 7770 C
#4E4934, 7771 C
#D5CB9F, 4545 C
#CFC493, 4535 C
#C5B783, 4525 C
#B3A369, 4515 C
#998542, 4505 C
#8C7732, 4495 C
#614F25, 4485 C
#B8B298, 2323 C
#B2A384, 2324 C
#A09074, 2325 C
#8B7C5E, 2326 C
#837A58, 2327 C
#786748, 2328 C
#68593C, 2329 C
#CAC7A7, 454 C
#BFBB98, 453 C
#B0AA7E, 452 C
#9B945F, 451 C
#594A25, 450 C
#524627, 449 C
#4A412A, 448 C
#F1E6B2, 7499 C
#DFD1A7, 7500 C
#D9C89D, 7501 C
#CEB888, 7502 C
#A89968, 7503 C
#94795D, 7504 C
#816040, 7505 C
#DDCBA4, 468 C
#D3BC8D, 467 C
#C6AA76, 466 C
#B9975B, 465 C
#8B5B29, 464 C
#744F28, 463 C
#5C462B, 462 C
#EFDBB2, 7506 C
#FCD299, 7507 C
#E1B87F, 7508 C
#D6A461, 7509 C
#C6893F, 7510 C
#B77729, 7511 C
#A6631B, 7512 C
#EDC8A3, 719 C
#E7B78A, 720 C
#DDA46F, 721 C
#C88242, 722 C
#B36924, 723 C
#934D11, 724 C
#7D4016, 725 C
#F3CFB3, 475 C
#F1C6A6, 474 C
#F0BF9B, 473 C
#E59E6D, 472 C
#B86125, 471 C
#A45A2A, 470 C
#693F23, 469 C
#E0C09F, 726 C
#D9B48F, 727 C
#CDA177, 728 C
#B58150, 729 C
#9E652E, 730 C
#774212, 731 C
#623412, 732 C
#BD9A7A, 2316 C
#B4875E, 2317 C
#A47449, 2318 C
#8C5C30, 2319 C
#714623, 2320 C
#6F5138, 2321 C
#4E3524, 2322 C
#E7CEB5, 2309 C
#D9C0A9, 2310 C
#CDA786, 2311 C
#B79A81, 2312 C
#C39367, 2313 C
#AC7644, 2314 C
#914910, 2315 C
#E0C6AD, 4685 C
#DCBFA6, 4675 C
#CDA788, 4665 C
#BF9474, 4655 C
#AD7C59, 4645 C
#946037, 4635 C
#4F2C1D, 4625 C
#E1B7A7, 7513 C
#D5A286, 7514 C
#C58B68, 7515 C
#99552B, 7516 C
#85431E, 7517 C
#6D4F47, 7518 C
#5D4B3C, 7519 C
#D7C4B7, 4755 C
#CDB5A7, 4745 C
#C0A392, 4735 C
#AE8A79, 4725 C
#956C58, 4715 C
#7C4D3A, 4705 C
#5B3427, 4695 C
#DBC8B6, 482 C
#D3BBA8, 481 C
#C6A992, 480 C
#AA8066, 479 C
#713F2A, 478 C
#623B2A, 477 C
#4E3629, 476 C
#D6D2C4, 7527 C
#C5B9AC, 7528 C
#B7A99A, 7529 C
#A39382, 7530 C
#7A6855, 7531 C
#63513D, 7532 C
#473729, 7533 C
#D1CCBD, 7534 C
#B7B09C, 7535 C
#A69F88, 7536 C
#A7ACA2, 7537 C
#949A90, 7538 C
#8E9089, 7539 C
#4B4F54, 7540 C
#D0D3D4, 427 C
#C1C6C8, 428 C
#A2AAAD, 429 C
#7C878E, 430 C
#5B6770, 431 C
#333F48, 432 C
#1D252D, 433 C
#C7C9C7, 420 C
#B2B4B2, 421 C
#9EA2A2, 422 C
#898D8D, 423 C
#707372, 424 C
#545859, 425 C
#25282A, 426 C
#BEC6C4, 441 C
#A2ACAB, 442 C
#919D9D, 443 C
#717C7D, 444 C
#505759, 445 C
#3F4443, 446 C
#373A36, 447 C
#BABBB1, 413 C
#A8A99E, 414 C
#919388, 415 C
#7E7F74, 416 C
#65665C, 417 C
#51534A, 418 C
#212322, 419 C
#CFCDC9, 2330 C
#AEA8A5, 2331 C
#8C8985, 2332 C
#716E6A, 2333 C
#6C6463, 2334 C
#5E5047, 2335 C
#4E4B48, 2336 C
#C4BFB6, 400 C
#AFA9A0, 401 C
#9D968D, 402 C
#8C857B, 403 C
#776E64, 404 C
#696158, 405 C
#2D2926, Black C
#C4BCB7, 406 C
#B2A8A2, 407 C
#978C87, 408 C
#857874, 409 C
#746661, 410 C
#5E514D, 411 C
#382F2D, 412 C
#D0C4C5, 434 C
#C1B2B6, 435 C
#AB989D, 436 C
#7B6469, 437 C
#584446, 438 C
#453536, 439 C
#382E2C, 440 C
#D7D2CB, Warm Gray 1 C
#CBC4BC, Warm Gray 2 C
#BFB8AF, Warm Gray 3 C
#B6ADA5, Warm Gray 4 C
#ACA39A, Warm Gray 5 C
#A59C94, Warm Gray 6 C
#968C83, Warm Gray 7 C
#8C8279, Warm Gray 8 C
#83786F, Warm Gray 9 C
#796E65, Warm Gray 10 C
#6E6259, Warm Gray 11 C
#D9D9D6, Cool Gray 1 C
#D0D0CE, Cool Gray 2 C
#C8C9C7, Cool Gray 3 C
#BBBCBC, Cool Gray 4 C
#B1B3B3, Cool Gray 5 C
#A7A8A9, Cool Gray 6 C
#97999B, Cool Gray 7 C
#888B8D, Cool Gray 8 C
#75787B, Cool Gray 9 C
#63666A, Cool Gray 10 C
#53565A, Cool Gray 11 C
#332F21, Black 2 C
#212721, Black 3 C
#31261D, Black 4 C
#3E2B2E, Black 5 C
#101820, Black 6 C
#3D3935, Black 7 C
#FFE000, Yellow 012 U
#FE5442, Bright Red U
#D1428D, Pink U
#65428A, Medium Purple U
#444795, Dark Blue U
#F4B43D, 3514 U
#E0B481, 3596 U
#BF8E52, 3547 U
#FF974C, 3588 U
#F4762D, 3564 U
#DD8F55, 2428 U
#BF7251, 2429 U
#D8A380, 2430 U
#DD9767, 2431 U
#DC9069, 2432 U
#D88366, 2433 U
#E1806C, 2434 U
#BC7A6A, 2435 U
#B1695D, 2436 U
#F9BF9D, 2437 U
#E6A287, 2438 U
#C18778, 2439 U
#B4938C, 2440 U
#A77B70, 2441 U
#9F716A, 2442 U
#8F5C4F, 2443 U
#E5B6A0, 3544 U
#DFA79D, 2444 U
#E4A3A2, 3519 U
#FFA198, 3572 U
#DF898E, 2445 U
#D0878C, 2446 U
#AD7A7F, 2447 U
#D8766B, 2448 U
#EA5148, 3556 U
#D24F39, 3516 U
#C34342, 3546 U
#BC3E44, 3517 U
#805658, 3523 U
#654F4D, 2449 U
#F8C3D7, 3568 U
#F6B4CF, 3595 U
#D6618E, 2450 U
#D15394, 3527 U
#C7739A, 3582 U
#B55F7C, 2451 U
#C05679, 2452 U
#B592C1, 2453 U
#A979BA, 3520 U
#855E9B, 3559 U
#916FAA, 3593 U
#8F72BA, 3575 U
#9A84CA, 3543 U
#6D467D, 3515 U
#8E94CD, 3558 U
#68527C, 3555 U
#634E83, 3583 U
#6B627F, 3574 U
#605377, 3566 U
#5D477E, 3535 U
#5B4C7D, 3542 U
#5671A9, 3506 U
#606B9D, 3590 U
#5B5E82, 3584 U
#515785, 3591 U
#545B7B, 3597 U
#555877, 3581 U
#595567, 3524 U
#7EAED0, 3577 U
#00B5E0, 3545 U
#009DBB, 3551 U
#008CCA, 3538 U
#0076AD, 3553 U
#4E7C99, 2454 U
#73858D, 3526 U
#88B6AD, 2455 U
#46D2B8, 3533 U
#00A698, 3534 U
#4F988A, 2456 U
#00ACA0, 3560 U
#1B7679, 3557 U
#00949C, 3541 U
#86A394, 2457 U
#729786, 2458 U
#5DAA90, 2459 U
#62A29E, 2460 U
#478C89, 2461 U
#60837E, 2462 U
#6C7D7A, 2463 U
#77BB78, 2464 U
#4E7754, 2465 U
#008753, 3522 U
#00875F, 3536 U
#287558, 3500 U
#476857, 3537 U
#506060, 2466 U
#A7CC23, 3570 U
#A9CD34, 3507 U
#79BF3A, 3561 U
#5AA74A, 3501 U
#4CA752, 3529 U
#609E57, 3539 U
#6F835A, 3508 U
#DBBD80, 3599 U
#BD9C7F, 2467 U
#A17F6E, 2468 U
#997261, 2469 U
#9F8A77, 2470 U
#AB9386, 2471 U
#736355, 2472 U
#C7BBC0, 2473 U
#B7A9A1, 2474 U
#A9938E, 2475 U
#958584, 2476 U
#827370, 2477 U
#665A5C, 2478 U
#615A57, 2479 U
#FEF380, 100 U
#FFF166, 101 U
#FFEC2D, 102 U
#FFE800, Yellow U
#B49F29, 103 U
#9B8D39, 104 U
#7D7547, 105 U
#FEE5A5, 7401 U
#F3DA9A, 7402 U
#F4CF81, 7403 U
#FDCF41, 7404 U
#E6B10E, 7405 U
#F1B828, 7406 U
#CCA36E, 7407 U
#FFEC9F, 2001 U
#FFE885, 2002 U
#FFE875, 2003 U
#FFE17F, 2004 U
#FFDB83, 2005 U
#F1C068, 2006 U
#E2A855, 2007 U
#FFEB68, 106 U
#FFE552, 107 U
#FFDD35, 108 U
#FFC700, 109 U
#CC9F26, 110 U
#9C873B, 111 U
#8A7A3E, 112 U
#FFE15E, 113 U
#FFD94A, 114 U
#FFCE2E, 115 U
#FFB511, 116 U
#B78C30, 117 U
#9E8139, 118 U
#847748, 119 U
#FCE385, 127 U
#FCCF61, 128 U
#FAAF3F, 129 U
#F79B2F, 130 U
#BA8032, 131 U
#977A3C, 132 U
#7C7047, 133 U
#FFE495, 1205 U
#FFDA7E, 1215 U
#FFBB4F, 1225 U
#FFAE3B, 1235 U
#BB8B41, 1245 U
#A08246, 1255 U
#887549, 1265 U
#FFD96A, 120 U
#FFCC52, 121 U
#FFC03F, 122 U
#FFAC2A, 123 U
#D79133, 124 U
#A6813D, 125 U
#8E7742, 126 U
#FFC915, 7548 U
#FFB838, 7549 U
#CE973E, 7550 U
#AE8644, 7551 U
#826F4B, 7552 U
#70654B, 7553 U
#6C6558, 7554 U
#D7A95A, 7555 U
#BC995D, 7556 U
#A58D5F, 7557 U
#9B835E, 7558 U
#977F5E, 7559 U
#8E7E62, 7560 U
#807964, 7561 U
#FFD378, 134 U
#FFC267, 135 U
#FFAD4A, 136 U
#FF9F37, 137 U
#D37C32, 138 U
#9D6F3C, 139 U
#7F6A45, 140 U
#F8BE77, 2008 U
#F7B06A, 2009 U
#FFB20F, 2010 U
#F49958, 2011 U
#F69941, 2012 U
#FF9F24, 2013 U
#BB823F, 2014 U
#FFD591, 1345 U
#FFC87E, 1355 U
#FFAD5B, 1365 U
#FF9940, 1375 U
#CD7E3E, 1385 U
#946E43, 1395 U
#796648, 1405 U
#F9C16E, 141 U
#F8B05D, 142 U
#F6A04D, 143 U
#F38C3C, 144 U
#C97F3A, 145 U
#9D7441, 146 U
#76694A, 147 U
#EE9D26, 7408 U
#F7AD50, 7409 U
#FFA06E, 7410 U
#E9A16F, 7411 U
#D08C60, 7412 U
#DE8958, 7413 U
#C07F53, 7414 U
#BDA078, 7562 U
#DAA563, 7563 U
#DE9858, 7564 U
#C98659, 7565 U
#AE7B5E, 7566 U
#90705C, 7567 U
#826D5E, 7568 U
#D28E56, 7569 U
#D18D5B, 7570 U
#C3895D, 7571 U
#B17F5C, 7572 U
#A87B59, 7573 U
#99785B, 7574 U
#86715A, 7575 U
#FFCA9D, 712 U
#FFC190, 713 U
#FFB07B, 714 U
#F99963, 715 U
#EA8651, 716 U
#D77540, 717 U
#C76C3D, 718 U
#FFDAB6, 2015 U
#FFC187, 2016 U
#FFB782, 2017 U
#FF8A40, 2018 U
#DE834C, 2019 U
#C8713D, 2020 U
#A5633D, 2021 U
#FFC688, 148 U
#FFB575, 149 U
#FF9955, 150 U
#FF883E, 151 U
#E07A3F, 152 U
#AC6F42, 153 U
#926844, 154 U
#F7C995, 155 U
#F7B984, 156 U
#F39662, 157 U
#EE7F4B, 158 U
#C97146, 159 U
#9D6B47, 160 U
#786249, 161 U
#FFA563, 1485 U
#FF9351, 1495 U
#FF8039, 1505 U
#FF6C2F, Orange 021 U
#BD6439, 1525 U
#976241, 1535 U
#7A5F48, 1545 U
#FFC29E, 1555 U
#FFAA81, 1565 U
#FF9665, 1575 U
#FF8450, 1585 U
#D37046, 1595 U
#A76C4C, 1605 U
#93654A, 1615 U
#FFAA8F, 2022 U
#FF9C81, 2023 U
#FF8870, 2024 U
#FF9560, 2025 U
#FB7660, 2026 U
#F46C63, 2027 U
#F05136, 2028 U
#FFBB9B, 162 U
#FF9C76, 163 U
#FF865F, 164 U
#FF7548, 165 U
#E16740, 166 U
#B46647, 167 U
#8A614B, 168 U
#DA8E6B, 7576 U
#E18B63, 7577 U
#DB7D59, 7578 U
#DF7357, 7579 U
#C06D59, 7580 U
#916B5D, 7581 U
#7A685E, 7582 U
#FFA891, 1625 U
#FF967E, 1635 U
#FF7F61, 1645 U
#FF6F4C, 1655 U
#E56849, 1665 U
#AB614A, 1675 U
#95614D, 1685 U
#FFB7AE, 169 U
#FF8D7E, 170 U
#FF7865, 171 U
#FF674D, 172 U
#CE614A, 173 U
#9C5B4A, 174 U
#7D594D, 175 U
#CA7D5F, 7583 U
#C07759, 7584 U
#B67965, 7585 U
#A2715D, 7586 U
#996E5C, 7587 U
#896E61, 7588 U
#756A63, 7589 U
#DBBCA9, 7590 U
#C68D78, 7591 U
#B47260, 7592 U
#A26859, 7593 U
#8B645A, 7594 U
#80665C, 7595 U
#776760, 7596 U
#D66756, 7597 U
#C36D5C, 7598 U
#BD695A, 7599 U
#9B6A5E, 7600 U
#92695C, 7601 U
#8D6E61, 7602 U
#7C675D, 7603 U
#EAD8D6, 7604 U
#EAC4BE, 7605 U
#DEA09A, 7606 U
#CB867F, 7607 U
#AB6E67, 7608 U
#926660, 7609 U
#80615E, 7610 U
#FFB7AE, 2337 U
#DB9D97, 2338 U
#F1918E, 2339 U
#C97A7E, 2340 U
#AC7575, 2341 U
#AF6D73, 2342 U
#A66C75, 2343 U
#E7C8BE, 7611 U
#D4AAA0, 7612 U
#C89F97, 7613 U
#AE928C, 7614 U
#978480, 7615 U
#867474, 7616 U
#756667, 7617 U
#F3C4BF, 7520 U
#C4A195, 7521 U
#AF7871, 7522 U
#A97576, 7523 U
#A36D6A, 7524 U
#997970, 7525 U
#925F52, 7526 U
#F5C7B8, 489 U
#F4B9A9, 488 U
#F3A293, 487 U
#F08D80, 486 U
#E45D50, 485 U
#A05B4E, 484 U
#7D5B4F, 483 U
#F78684, 2029 U
#E68D8A, 2030 U
#DB7D7B, 2031 U
#D47271, 2032 U
#C96867, 2033 U
#ED6162, 2034 U
#DE4343, 2035 U
#EE8576, 2344 U
#FF7C76, 2345 U
#FF6F78, 2346 U
#E74536, 2347 U
#DC625E, 2348 U
#C04E37, 2349 U
#9E483F, 2350 U
#FFB1BA, 176 U
#FF8C91, 177 U
#FF7677, 178 U
#FF665E, Warm Red U
#E15F55, 179 U
#BF6059, 180 U
#8B5952, 181 U
#FFA7B6, 1765 U
#FF8B9A, 1775 U
#FE6672, 1785 U
#F95E62, 1788 U
#DA5959, 1795 U
#B45858, 1805 U
#8F5652, 1815 U
#FFBAC9, 1767 U
#FF8091, 1777 U
#FC6371, 1787 U
#F65058, Red 032 U
#CB4F53, 1797 U
#A75154, 1807 U
#795453, 1817 U
#D08A77, 7618 U
#C87164, 7619 U
#C0615B, 7620 U
#BA5D5A, 7621 U
#A55D5C, 7622 U
#9B5C57, 7623 U
#8D5A54, 7624 U
#EA776C, 7625 U
#D2625F, 7626 U
#AD5857, 7627 U
#A85959, 7628 U
#7F5B5A, 7629 U
#765957, 7630 U
#6E5555, 7631 U
#EBB5A5, 7415 U
#EA746A, 7416 U
#E76B61, 7417 U
#BF6366, 7418 U
#A6626B, 7419 U
#A45768, 7420 U
#7D4E5B, 7421 U
#FFB8CA, 182 U
#FF8DA3, 183 U
#FC6E83, 184 U
#F15060, 185 U
#D2515E, 186 U
#AE535C, 187 U
#895559, 188 U
#F4C3CB, 196 U
#F2A1B2, 197 U
#E76B7C, 198 U
#DD5061, 199 U
#BD4F5C, 200 U
#A15760, 201 U
#90585E, 202 U
#FFABC2, 189 U
#FE87A3, 190 U
#F87089, 191 U
#EE536B, 192 U
#C55264, 193 U
#A35965, 194 U
#885A61, 195 U
#FEB3CD, 1895 U
#FD9CBA, 1905 U
#F66F92, 1915 U
#E9506E, 1925 U
#C94C63, 1935 U
#B05468, 1945 U
#975361, 1955 U
#FFDDE2, 705 U
#FFCAD4, 706 U
#FFB0BF, 707 U
#FE99A8, 708 U
#F47C8A, 709 U
#E4636F, 710 U
#CE5055, 711 U
#FAD7DA, 698 U
#FCC2CC, 699 U
#F8AAB6, 700 U
#E98F9D, 701 U
#D87987, 702 U
#B45A65, 703 U
#A25056, 704 U
#F5B1CC, 203 U
#EE82A4, 204 U
#E56284, 205 U
#D84465, 206 U
#AF4D64, 207 U
#905567, 208 U
#825864, 209 U
#FFA2CB, 210 U
#FC85B6, 211 U
#F56D9E, 212 U
#E95485, 213 U
#D1517A, 214 U
#AE5171, 215 U
#8A5466, 216 U
#FFC4DC, 2036 U
#FA9BCB, 2037 U
#F372A6, 2038 U
#EA5C90, 2039 U
#DD426A, 2040 U
#A04F65, 2041 U
#7F4E58, 2042 U
#FDD4DA, 7422 U
#E2758F, 7423 U
#D9577D, 7424 U
#BB5A73, 7425 U
#B1556A, 7426 U
#A5525C, 7427 U
#805C67, 7428 U
#DDCFD0, 7632 U
#C9AAAE, 7633 U
#C77D92, 7634 U
#CD627D, 7635 U
#C3566D, 7636 U
#955864, 7637 U
#855660, 7638 U
#F4C1E1, 217 U
#EF84B9, 218 U
#E45C96, 219 U
#DB487E, Rubine Red U
#B04C75, 220 U
#9E4C6E, 221 U
#82566B, 222 U
#A0858A, 7639 U
#9B6673, 7640 U
#9A5D6D, 7641 U
#7E5867, 7642 U
#7A5A67, 7643 U
#715862, 7644 U
#6C5760, 7645 U
#F9A4D8, 223 U
#F587C7, 224 U
#EA60A7, 225 U
#DC4588, 226 U
#AF4879, 227 U
#8D4D6D, 228 U
#7A5466, 229 U
#FEB2E0, 230 U
#F985CA, 231 U
#F16AB7, 232 U
#E44C9A, Rhodamine Red U
#C84687, 233 U
#AA4C7D, 234 U
#914E72, 235 U
#F3D6E5, 670 U
#EFC3DD, 671 U
#E8A7CD, 672 U
#DF8CBA, 673 U
#CD72A1, 674 U
#BD618E, 675 U
#A85079, 676 U
#EFC2D2, 2043 U
#EB93B5, 2044 U
#DD7CA0, 2045 U
#CD6C8F, 2046 U
#9F5F78, 2047 U
#975A71, 2048 U
#8B5365, 2049 U
#EDD2E0, 677 U
#E5C0D4, 678 U
#DAACC6, 679 U
#C08BA9, 680 U
#A5708D, 681 U
#905D78, 682 U
#805268, 683 U
#F6DDEA, 2050 U
#E4C8D5, 2051 U
#CEA5BB, 2052 U
#B88CA4, 2053 U
#A27E94, 2054 U
#967387, 2055 U
#88677A, 2056 U
#ECCBD9, 684 U
#E4BDD0, 685 U
#D5A6BE, 686 U
#BD8CA6, 687 U
#A2738C, 688 U
#8E6178, 689 U
#7C5060, 690 U
#F2BFCB, 510 U
#EAAEBE, 509 U
#DF9CAE, 508 U
#CF8FA4, 507 U
#9A6372, 506 U
#8A5C66, 505 U
#7F5D62, 504 U
#EECCD9, 7429 U
#E6B5C9, 7430 U
#DCA2B9, 7431 U
#C5819A, 7432 U
#B96F89, 7433 U
#A9677D, 7434 U
#8D566B, 7435 U
#F1D3D5, 691 U
#E9C0C5, 692 U
#DAA5AD, 693 U
#C38D96, 694 U
#AC7680, 695 U
#98656C, 696 U
#87565B, 697 U
#F9C2CC, 496 U
#F1AFBC, 495 U
#E59BA8, 494 U
#C77C89, 493 U
#9D5D60, 492 U
#8E595A, 491 U
#775554, 490 U
#F2CDCF, 503 U
#E6B7BD, 502 U
#D8A5AC, 501 U
#BD898F, 500 U
#8D615F, 499 U
#805D5B, 498 U
#715956, 497 U
#E6C6C7, 5035 U
#DCB6BA, 5025 U
#CAA1A6, 5015 U
#B28A90, 5005 U
#9F787F, 4995 U
#8F6A6F, 4985 U
#745654, 4975 U
#F8A6DE, 236 U
#F28DD2, 237 U
#E971C0, 238 U
#DB55AA, 239 U
#C15598, 240 U
#AF548B, 241 U
#8D5977, 242 U
#D99FBF, 2057 U
#B285A6, 2058 U
#B985A3, 2059 U
#CA7AAB, 2060 U
#B37093, 2061 U
#B05F8F, 2062 U
#A05380, 2063 U
#F8BFE7, 2365 U
#EA88D2, 2375 U
#E070C2, 2385 U
#D557AF, 2395 U
#BB569D, 2405 U
#AB5491, 2415 U
#975381, 2425 U
#F1B2E6, 243 U
#EB9ADE, 244 U
#E07FD0, 245 U
#CE57B3, 246 U
#BD51A2, 247 U
#A14F8C, 248 U
#885779, 249 U
#B08799, 7646 U
#B16889, 7647 U
#9E537B, 7648 U
#935379, 7649 U
#835573, 7650 U
#7F5C78, 7651 U
#73556C, 7652 U
#EEBAE9, 250 U
#E096DF, 251 U
#CE70CC, 252 U
#BF53B6, Purple U
#B456AE, 253 U
#9E549A, 254 U
#83577D, 255 U
#E095CC, 2064 U
#DFA0DB, 2065 U
#D38DD2, 2066 U
#BF74C0, 2067 U
#B066B3, 2068 U
#A55BA8, 2069 U
#944B96, 2070 U
#F2C8E3, 517 U
#E8B6DC, 516 U
#E2A5D4, 515 U
#CE89C3, 514 U
#9E5F98, 513 U
#8A587F, 512 U
#745568, 511 U
#BD82B3, 2351 U
#B272A5, 2352 U
#B55B99, 2353 U
#8F648C, 2354 U
#85477C, 2355 U
#7C4070, 2356 U
#6E445A, 2357 U
#9E95A0, 7653 U
#AA8AA5, 7654 U
#A978A0, 7655 U
#96648D, 7656 U
#7E5978, 7657 U
#7C5E77, 7658 U
#6E5A6B, 7659 U
#DAC5D0, 5175 U
#CCB4C4, 5165 U
#B99EB2, 5155 U
#A4899F, 5145 U
#8C7287, 5135 U
#7D6378, 5125 U
#6F5564, 5115 U
#E0CFD6, 5245 U
#D6C3CC, 5235 U
#C2ACB9, 5225 U
#A28C9C, 5215 U
#907B8A, 5205 U
#816C78, 5195 U
#756069, 5185 U
#DAC5DC, 524 U
#D0B7D5, 523 U
#BC9FC6, 522 U
#A98BB5, 521 U
#815F87, 520 U
#775D7A, 519 U
#6C5969, 518 U
#F3D5ED, 7436 U
#D4B6D6, 7437 U
#D79BD7, 7438 U
#C09CC6, 7439 U
#B796BA, 7440 U
#AE7ECA, 7441 U
#9E62BE, 7442 U
#DDAEE9, 2562 U
#CD90DE, 2572 U
#BB76CF, 2582 U
#AA60BF, 2592 U
#9757A6, 2602 U
#86578D, 2612 U
#7B5B7A, 2622 U
#E4C7EB, 531 U
#DBB9E7, 530 U
#CEA5E1, 529 U
#B889D2, 528 U
#9361B0, 527 U
#805791, 526 U
#735775, 525 U
#D4B4DA, 256 U
#C29BCB, 257 U
#A276AE, 258 U
#94679C, 259 U
#8A658D, 260 U
#7F6282, 261 U
#755E74, 262 U
#CDA2D9, 2563 U
#B989CB, 2573 U
#A372B5, 2583 U
#8F5DA0, 2593 U
#845991, 2603 U
#7D5787, 2613 U
#75557A, 2623 U
#BDA6C2, 2078 U
#A38CAB, 2079 U
#987CAA, 2080 U
#8C709E, 2081 U
#836995, 2082 U
#9C71C9, 2083 U
#8A5DB5, 2084 U
#CBB4E2, 2071 U
#B999D6, 2072 U
#AE96D4, 2073 U
#9877BE, 2074 U
#8D75BD, 2075 U
#8C6DB4, 2076 U
#76579D, 2077 U
#9C97A7, 7660 U
#947F9D, 7661 U
#84668C, 7662 U
#7A5C83, 7663 U
#765D84, 7664 U
#725E7C, 7665 U
#706A77, 7666 U
#C09FDB, 2567 U
#A47EC6, 2577 U
#936DB7, 2587 U
#825AA4, 2597 U
#7A5896, 2607 U
#735489, 2617 U
#6E527C, 2627 U
#DCC6EA, 263 U
#BFA1E3, 264 U
#9D7AD2, 265 U
#8A65C4, 266 U
#7F5DAE, 267 U
#735990, 268 U
#6E587F, 269 U
#E8D4EE, 2085 U
#A290CD, 2086 U
#A086D7, 2087 U
#886CC6, 2088 U
#7B61BB, 2089 U
#755AB3, 2090 U
#674DA1, 2091 U
#C9B7E8, 2635 U
#B9A3E3, 2645 U
#A288D9, 2655 U
#8C6FCA, 2665 U
#7758B3, Violet U
#755BA7, 2685 U
#6C5D80, 2695 U
#B8ABD8, 2092 U
#A599C0, 2093 U
#9185AE, 2094 U
#8173B0, 2095 U
#796BA7, 2096 U
#715EB8, 2097 U
#6753AA, 2098 U
#AFA0C9, 2099 U
#A596CE, 2100 U
#8E7DD2, 2101 U
#746CAF, 2102 U
#6C63A5, 2103 U
#675D9D, 2104 U
#605087, 2105 U
#ADAEDE, 270 U
#9A9BD4, 271 U
#8586C6, 272 U
#645D9B, 273 U
#5F578B, 274 U
#5D5682, 275 U
#5C556F, 276 U
#B9B6E9, 2705 U
#9F98DF, 2715 U
#8980D4, 2725 U
#6857B2, 2735 U
#61559A, 2745 U
#5D538B, 2755 U
#574F77, 2765 U
#828CA8, 7667 U
#7B81A4, 7668 U
#7878A2, 7669 U
#706E9A, 7670 U
#6E6993, 7671 U
#6B668E, 7672 U
#6C6D8D, 7673 U
#DDD8EB, 7443 U
#BCBDE2, 7444 U
#ACA8C7, 7445 U
#9493CF, 7446 U
#7F7392, 7447 U
#726874, 7448 U
#63515C, 7449 U
#9296B8, 7674 U
#888CAF, 7675 U
#827AA3, 7676 U
#7C6D96, 7677 U
#766691, 7678 U
#6E628B, 7679 U
#695981, 7680 U
#E2D9E3, 663 U
#DACFDD, 664 U
#C5B8CE, 665 U
#AEA1BC, 666 U
#9083A1, 667 U
#817391, 668 U
#71637F, 669 U
#DBD8E1, 5315 U
#C5C2D2, 5305 U
#B1AFC3, 5295 U
#9794AC, 5285 U
#7B7992, 5275 U
#6D6B82, 5265 U
#5D566C, 5255 U
#A39AA6, 2358 U
#807885, 2359 U
#7E7D8E, 2360 U
#76768C, 2361 U
#777787, 2362 U
#6F6E7D, 2363 U
#726B77, 2364 U
#B4BAD1, 2106 U
#98A1BE, 2107 U
#8089A9, 2108 U
#767C9D, 2109 U
#707695, 2110 U
#646A89, 2111 U
#564770, 2112 U
#A7B2E7, 2113 U
#929CD1, 2114 U
#858EC6, 2115 U
#7A81BB, 2116 U
#6569A2, 2117 U
#5A5B85, 2118 U
#555577, 2119 U
#7271C8, 2366 U
#6864AD, 2367 U
#655FB7, 2368 U
#5E5CB0, 2369 U
#5E599B, 2370 U
#59468D, 2371 U
#554E80, 2372 U
#CDD7E1, 538 U
#BDCADA, 537 U
#A4B5CB, 536 U
#8C9DB8, 535 U
#5B6983, 534 U
#5E6578, 533 U
#5B5C64, 532 U
#DDE4E6, 7541 U
#B0C5CC, 7542 U
#AEB8C0, 7543 U
#9AA5AF, 7544 U
#78838E, 7545 U
#67707A, 7546 U
#51545D, 7547 U
#9DA5B3, 2162 U
#8FA1B2, 2163 U
#8697A9, 2164 U
#76879A, 2165 U
#6D7E91, 2166 U
#667789, 2167 U
#586975, 2168 U
#78849C, 2373 U
#60697F, 2374 U
#656D7D, 2376 U
#57697B, 2377 U
#575F72, 2378 U
#575C68, 2379 U
#535766, 2380 U
#B0D0DC, 552 U
#96C0CE, 551 U
#7AAABE, 550 U
#6899AE, 549 U
#3E5E6F, 548 U
#415866, 547 U
#465058, 546 U
#C7D7E0, 5455 U
#B4C7D3, 5445 U
#9DB4C4, 5435 U
#7993A5, 5425 U
#677F91, 5415 U
#5B6F80, 5405 U
#474C59, 5395 U
#A3BAD0, 2155 U
#90A9C4, 2156 U
#7D97B4, 2157 U
#708BA8, 2158 U
#67829F, 2159 U
#5E7895, 2160 U
#516A87, 2161 U
#9FB0D6, 2134 U
#8598C6, 2135 U
#8695B6, 2136 U
#7886A9, 2137 U
#6E7A8F, 2138 U
#647696, 2139 U
#596789, 2140 U
#D3E0EA, 642 U
#BFD2E4, 643 U
#9DB9D5, 644 U
#84A3C4, 645 U
#6E8DB0, 646 U
#5F7A9D, 647 U
#4E6282, 648 U
#E1E7EE, 649 U
#D7E0EB, 650 U
#AFC3DB, 651 U
#89A2C4, 652 U
#6780A4, 653 U
#55688B, 654 U
#4E5D7F, 655 U
#E2EAF2, 656 U
#D6E2F2, 657 U
#B8CFEE, 658 U
#96B6E5, 659 U
#658BCC, 660 U
#4A67AA, 661 U
#425390, 662 U
#BACDE5, 2127 U
#95B4E6, 2128 U
#6D8FDB, 2129 U
#677BCF, 2130 U
#5C6CBA, 2131 U
#536DC4, 2132 U
#5870AA, 2133 U
#C3CBE0, 7450 U
#94B3EA, 7451 U
#91A0E4, 7452 U
#88ADE3, 7453 U
#7599BB, 7454 U
#6B7DB9, 7455 U
#8089C0, 7456 U
#B4C5EB, 2120 U
#8EAAD9, 2121 U
#8FA4E3, 2122 U
#778BD9, 2123 U
#6F77CC, 2124 U
#676CC4, 2125 U
#5B5BB1, 2126 U
#CCD4F1, 2706 U
#A1AFE9, 2716 U
#717ACF, 2726 U
#5E60BA, 2736 U
#595CA5, 2746 U
#585C8C, 2756 U
#575A7C, 2766 U
#B2C9EF, 2708 U
#6A87D8, 2718 U
#5368C2, 2728 U
#474DA4, 2738 U
#484F8C, 2748 U
#484D7A, 2758 U
#4A4E6D, 2768 U
#C7DBF4, 2707 U
#A9C8F4, 2717 U
#6490E8, 2727 U
#3F43AD, Blue 072 U
#424F90, 2747 U
#454F7E, 2757 U
#4A4C64, 2767 U
#ADCFF1, 277 U
#8DBAED, 278 U
#5B8EDB, 279 U
#3A499C, Reflex Blue U
#3C4981, 280 U
#3F4A75, 281 U
#434967, 282 U
#9BC7EE, 283 U
#7AB1E8, 284 U
#4982CF, 285 U
#3155A4, 286 U
#3C5896, 287 U
#3D5588, 288 U
#434F69, 289 U
#9DB0D0, 7681 U
#8097BF, 7682 U
#6982B0, 7683 U
#6276A3, 7684 U
#5E719D, 7685 U
#556995, 7686 U
#525F8D, 7687 U
#83BAE9, 2141 U
#8AB3E8, 2142 U
#608ECD, 2143 U
#4E7BBD, 2144 U
#436CAE, 2145 U
#365294, 2146 U
#424F84, 2147 U
#AECFE6, 545 U
#97C1DF, 544 U
#79ABD2, 543 U
#699CC6, 542 U
#3A557C, 541 U
#3F526F, 540 U
#465062, 539 U
#A7D4EE, 290 U
#7FBEEB, 291 U
#62A8E5, 292 U
#235BA8, 293 U
#385988, 294 U
#375172, 295 U
#435060, 296 U
#8AC9ED, 2905 U
#64B3E8, 2915 U
#4097DB, 2925 U
#1B5FAA, 2935 U
#29588C, 2945 U
#395775, 2955 U
#3D5265, 2965 U
#84B1D4, 2169 U
#6596C0, 2170 U
#5096DC, 2171 U
#5485D4, 2172 U
#4282D0, 2173 U
#3D7ACA, 2174 U
#2973C3, 2175 U
#678ED9, 2381 U
#4383D2, 2382 U
#5074A2, 2383 U
#406997, 2384 U
#5770BE, 2386 U
#4C68BE, 2387 U
#3F5EA9, 2388 U
#7ECCEE, 297 U
#4CB4E7, 298 U
#1295D8, 299 U
#006EB6, 300 U
#28628E, 301 U
#375E77, 302 U
#3F5666, 303 U
#5E9ACA, 7688 U
#5593C1, 7689 U
#4C7FA7, 7690 U
#467298, 7691 U
#4C6B8B, 7692 U
#4D6480, 7693 U
#4D6179, 7694 U
#7196B5, 2148 U
#668AA9, 2149 U
#5D809F, 2150 U
#5375A0, 2151 U
#537392, 2152 U
#4E6C88, 2153 U
#466088, 2154 U
#4392BA, 2183 U
#3689D5, 2184 U
#3A7FA6, 2185 U
#25608D, 2186 U
#385D7F, 2187 U
#3C5C78, 2188 U
#445868, 2189 U
#8BD5EE, 2975 U
#48B8E7, 2985 U
#0D9DDB, 2995 U
#0078BF, 3005 U
#216A95, 3015 U
#37617A, 3025 U
#405866, 3035 U
#54B2E9, 2190 U
#42A4E4, 2191 U
#1597DD, 2192 U
#258ED8, 2193 U
#048CD6, 2194 U
#2F7ECE, 2195 U
#1466A0, 2196 U
#82A8BD, 7695 U
#719BAF, 7696 U
#698FA4, 7697 U
#637F92, 7698 U
#5E7688, 7699 U
#557188, 7700 U
#496B80, 7701 U
#B3C4CC, 2176 U
#8DA9B4, 2177 U
#7D98A3, 2178 U
#708A96, 2179 U
#627B88, 2180 U
#59707C, 2181 U
#556A76, 2182 U
#ACCED9, 2204 U
#89B1C5, 2205 U
#7EA2B6, 2206 U
#739DB3, 2207 U
#688FA4, 2208 U
#668EA4, 2209 U
#47657B, 2210 U
#BFE3ED, 7457 U
#67A5BF, 7458 U
#518EAA, 7459 U
#008EC0, 7460 U
#4492C6, 7461 U
#547AA3, 7462 U
#51657D, 7463 U
#8EDDED, 304 U
#53CAEC, 305 U
#00B4E4, 306 U
#0083C3, Process Blue U
#0074A2, 307 U
#266782, 308 U
#3F5864, 309 U
#ACE3EF, 635 U
#8AD8ED, 636 U
#5EC8E5, 637 U
#32B8DE, 638 U
#009ECC, 639 U
#008ABA, 640 U
#0078A7, 641 U
#619EC6, 2389 U
#5284AA, 2390 U
#4B84A1, 2391 U
#597C91, 2392 U
#0597CC, 2393 U
#0091CE, 2394 U
#1396AB, 2396 U
#5DABC6, 7702 U
#46A0BF, 7703 U
#348BAC, 7704 U
#3C7D9A, 7705 U
#427A94, 7706 U
#477388, 7707 U
#456B7D, 7708 U
#6AD4EB, 2197 U
#3FC9E6, 2198 U
#00BBDE, 2199 U
#45A9C7, 2200 U
#00AFD7, 2201 U
#00AAE3, 2202 U
#258DAD, 2203 U
#B4E0E6, 628 U
#8DD0DE, 629 U
#74C4D7, 630 U
#56B2CB, 631 U
#3998B5, 632 U
#27829E, 633 U
#226E8A, 634 U
#5BD0E6, 310 U
#01BEDB, 311 U
#00AFD0, 312 U
#008DB1, 313 U
#007D99, 314 U
#1F6779, 315 U
#3E5A62, 316 U
#4CCEDE, 3105 U
#00BFD3, 3115 U
#00ABC2, 3125 U
#008EA6, 3135 U
#007788, 3145 U
#1B6875, 3155 U
#2F5C66, 3165 U
#6EB2BD, 7709 U
#40ABB8, 7710 U
#179DAB, 7711 U
#228B9D, 7712 U
#2D8692, 7713 U
#358189, 7714 U
#427178, 7715 U
#79B1BE, 2218 U
#6BA5B4, 2219 U
#629BAB, 2220 U
#5691A1, 2221 U
#51899A, 2222 U
#478091, 2223 U
#3E7586, 2224 U
#AEE9E8, 317 U
#6BD9DE, 318 U
#25C9D0, 319 U
#009DA5, 320 U
#00838A, 321 U
#167378, 322 U
#2F6165, 323 U
#70D9E5, 2225 U
#42CDDD, 2226 U
#62C0CB, 2227 U
#00A8BC, 2228 U
#009EB4, 2229 U
#1992A4, 2230 U
#008597, 2231 U
#AADBD7, 7464 U
#55C7B5, 7465 U
#00B4BC, 7466 U
#00A8B0, 7467 U
#3F7793, 7468 U
#3C6E89, 7469 U
#437083, 7470 U
#7FE2D8, 7471 U
#6BBDB9, 7472 U
#5EA59A, 7473 U
#458A94, 7474 U
#6B8B8D, 7475 U
#5A777B, 7476 U
#5D7079, 7477 U
#80A4AC, 2211 U
#698D97, 2212 U
#5D7D84, 2213 U
#5C7E87, 2214 U
#536974, 2215 U
#51626A, 2216 U
#43575E, 2217 U
#BCD5D6, 5523 U
#ACCACD, 5513 U
#94B7BC, 5503 U
#769CA3, 5493 U
#5F8289, 5483 U
#516D75, 5473 U
#3E4E56, 5463 U
#78B0B5, 2232 U
#66A6AE, 2233 U
#609CA2, 2234 U
#53959D, 2235 U
#549097, 2236 U
#508B91, 2237 U
#35757E, 2238 U
#499996, 7716 U
#3E8E8B, 7717 U
#358282, 7718 U
#417B7B, 7719 U
#477675, 7720 U
#497375, 7721 U
#4A6B6E, 7722 U
#82D8D5, 324 U
#40C1BB, 325 U
#00AAA1, 326 U
#008F85, 327 U
#137D79, 328 U
#2E7572, 329 U
#446463, 330 U
#5DDBD3, 3242 U
#00CDC2, 3252 U
#00BAAE, 3262 U
#00A49A, 3272 U
#008780, 3282 U
#346E6A, 3292 U
#41615F, 3302 U
#00B3B8, 2397 U
#32BEB7, 2398 U
#00B0A5, 2399 U
#00B199, 2400 U
#57A89B, 2401 U
#00A08C, 2402 U
#009084, 2403 U
#4EDCCA, 3245 U
#00CFBB, 3255 U
#00C0AA, 3265 U
#00AA93, 3275 U
#009081, 3285 U
#237E74, 3295 U
#466964, 3305 U
#6ACEB9, 3248 U
#48C1AC, 3258 U
#28B29A, 3268 U
#009C82, 3278 U
#208776, 3288 U
#387469, 3298 U
#48615B, 3308 U
#B4E1D6, 566 U
#91D1C5, 565 U
#88C6BC, 564 U
#76B9AF, 563 U
#43807A, 562 U
#466D68, 561 U
#4B5E5B, 560 U
#BBE9DE, 573 U
#95DECF, 572 U
#85D8C8, 571 U
#62C2B1, 570 U
#2C8F82, 569 U
#458075, 568 U
#4A635D, 567 U
#B5D1C0, 559 U
#9AC0AE, 558 U
#88B29F, 557 U
#719E8B, 556 U
#567E6A, 555 U
#587565, 554 U
#5A685D, 553 U
#A0B49B, 2404 U
#89A190, 2406 U
#799281, 2407 U
#5B7A66, 2408 U
#657465, 2409 U
#617060, 2410 U
#4B624B, 2411 U
#C1D2C7, 5595 U
#A2B9AF, 5585 U
#9DB4AB, 5575 U
#8AA29A, 5565 U
#768E87, 5555 U
#60766F, 5545 U
#485956, 5535 U
#BCC8BD, 5665 U
#B3C0B5, 5655 U
#9FAFA5, 5645 U
#8D9D94, 5635 U
#798981, 5625 U
#6A7970, 5615 U
#5E695E, 5605 U
#B8C7C4, 5527 U
#A9BAB7, 5517 U
#96A9A7, 5507 U
#819595, 5497 U
#697C7D, 5487 U
#5F7070, 5477 U
#545F5F, 5467 U
#CADFD4, 621 U
#B2CCC0, 622 U
#96B5AB, 623 U
#82A198, 624 U
#6C8A82, 625 U
#59756F, 626 U
#455D58, 627 U
#93E8D3, 331 U
#70E2CB, 332 U
#00D2B3, 333 U
#00AC8C, Green U
#00957E, 334 U
#247E6F, 335 U
#3A7267, 336 U
#00D1B6, 2239 U
#00C2A2, 2240 U
#69A194, 2241 U
#00A380, 2242 U
#419683, 2243 U
#50877B, 2244 U
#008D6C, 2245 U
#82D5BA, 337 U
#4CC1A1, 338 U
#21AE8A, 339 U
#009E77, 340 U
#347963, 341 U
#407060, 342 U
#48655B, 343 U
#6BAC92, 7723 U
#4E9B80, 7724 U
#379272, 7725 U
#348569, 7726 U
#3E7C65, 7727 U
#457865, 7728 U
#486F67, 7729 U
#5FE0B7, 3375 U
#3AD4A7, 3385 U
#00C795, 3395 U
#00B27A, 3405 U
#308167, 3415 U
#417764, 3425 U
#4B665B, 3435 U
#A7D9BC, 2246 U
#7DC6A0, 2247 U
#7DBB97, 2248 U
#6DAC88, 2249 U
#29B17B, 2250 U
#0BAA78, 2251 U
#00AA63, 2252 U
#64DAA1, 2412 U
#4EB18E, 2413 U
#2EB480, 2414 U
#1DB181, 2416 U
#529E7A, 2417 U
#008759, 2418 U
#3A7D68, 2419 U
#8ED8AC, 344 U
#6ECD9C, 345 U
#4EBD88, 346 U
#169B62, 347 U
#34855B, 348 U
#477258, 349 U
#546758, 350 U
#93E6B4, 351 U
#70E0A3, 352 U
#4FD691, 353 U
#00A95C, 354 U
#18975E, 355 U
#397E58, 356 U
#516E5A, 357 U
#A0EAC5, 7478 U
#29CB7E, 7479 U
#00C281, 7480 U
#00BA6E, 7481 U
#27A770, 7482 U
#587762, 7483 U
#456E60, 7484 U
#C3F1CF, 2253 U
#ADE4B5, 2254 U
#89D79B, 2255 U
#61C680, 2256 U
#37AD68, 2257 U
#469253, 2258 U
#498251, 2259 U
#689C7A, 7730 U
#58926B, 7731 U
#498564, 7732 U
#4B7C63, 7733 U
#597765, 7734 U
#5F7163, 7735 U
#5C6B62, 7736 U
#7BAC66, 7737 U
#65A969, 7738 U
#5CA369, 7739 U
#5E9865, 7740 U
#659267, 7741 U
#688564, 7742 U
#5E745D, 7743 U
#C3DBBC, 2260 U
#97B88F, 2261 U
#8FAD8E, 2262 U
#809A7B, 2263 U
#769870, 2264 U
#768F70, 2265 U
#5B7855, 2266 U
#97D88A, 358 U
#7DCD77, 359 U
#5CB860, 360 U
#4DAA50, 361 U
#56944F, 362 U
#57854E, 363 U
#5B794E, 364 U
#9DE89F, 2267 U
#76DD84, 2268 U
#71C973, 2269 U
#44CA67, 2270 U
#25BD59, 2271 U
#41A248, 2272 U
#507D4F, 2273 U
#2FC774, 2420 U
#4DB938, 2421 U
#36A857, 2422 U
#00AD4A, 2423 U
#4DA43A, 2424 U
#129447, 2426 U
#46724B, 2427 U
#D5E4C0, 7485 U
#B7E394, 7486 U
#8BE076, 7487 U
#63D05A, 7488 U
#7AAB6D, 7489 U
#7B9E6B, 7490 U
#818C61, 7491 U
#D5E1B5, 2274 U
#C7E299, 2275 U
#8CA868, 2276 U
#679A47, 2277 U
#668C4A, 2278 U
#6F8653, 2279 U
#647B4C, 2280 U
#C2E692, 365 U
#A8DC7D, 366 U
#8FD16A, 367 U
#67B346, 368 U
#62A044, 369 U
#698A48, 370 U
#68724D, 371 U
#DBEF99, 2281 U
#C8EF97, 2282 U
#A9E675, 2283 U
#B3D884, 2284 U
#92DE63, 2285 U
#83D346, 2286 U
#64C847, 2287 U
#D1F08F, 372 U
#B9E972, 373 U
#A6E35F, 374 U
#73C92D, 375 U
#70AB37, 376 U
#728F41, 377 U
#747B4D, 378 U
#CBE882, 2288 U
#C9DD84, 2289 U
#ACE152, 2290 U
#A7DA36, 2291 U
#8CC947, 2292 U
#8FCB24, 2293 U
#83B13C, 2294 U
#E6F28C, 2295 U
#D9EE70, 2296 U
#C1E54E, 2297 U
#B0DD65, 2298 U
#9DD354, 2299 U
#ADC763, 2300 U
#91AE4F, 2301 U
#C9DCAC, 580 U
#BAD29E, 579 U
#A7C58E, 578 U
#93B479, 577 U
#7B9B62, 576 U
#6F8456, 575 U
#6A7355, 574 U
#D1D3A9, 5807 U
#C7CA9C, 5797 U
#BABE8F, 5787 U
#A6A97B, 5777 U
#94986C, 5767 U
#81855C, 5757 U
#70744E, 5747 U
#D7D3A1, 5875 U
#CCC895, 5865 U
#BDB889, 5855 U
#A7A375, 5845 U
#938F66, 5835 U
#8B865D, 5825 U
#736F4C, 5815 U
#CFD3B8, 5803 U
#C5CAAF, 5793 U
#B5BB9F, 5783 U
#9AA184, 5773 U
#7E876D, 5763 U
#747C61, 5753 U
#636A51, 5743 U
#BCCA87, 7492 U
#B7C194, 7493 U
#9EB091, 7494 U
#838E59, 7495 U
#758448, 7496 U
#8C8778, 7497 U
#777D64, 7498 U
#A9B36E, 2302 U
#9EB36C, 2303 U
#9EA864, 2304 U
#9BA747, 2305 U
#828D50, 2306 U
#788042, 2307 U
#6D6942, 2308 U
#B9BE56, 7744 U
#AFB35D, 7745 U
#9B9F60, 7746 U
#909661, 7747 U
#878C62, 7748 U
#808363, 7749 U
#777A61, 7750 U
#E7EE7B, 379 U
#D4E458, 380 U
#BAD739, 381 U
#99C221, 382 U
#8E9A36, 383 U
#868B3C, 384 U
#7D7B4B, 385 U
#EFF178, 386 U
#E3ED55, 387 U
#D5E839, 388 U
#BDDC04, 389 U
#97A926, 390 U
#888A3B, 391 U
#7E7D41, 392 U
#EAEC97, 587 U
#E7E988, 586 U
#E3E685, 585 U
#CED665, 584 U
#A6B340, 583 U
#919145, 582 U
#787549, 581 U
#F8F283, 393 U
#F2EE56, 394 U
#EDEC3F, 395 U
#DAE200, 396 U
#A8AA31, 397 U
#959539, 398 U
#8A8537, 399 U
#FCF389, 3935 U
#FCF05F, 3945 U
#FAEB37, 3955 U
#F8E816, 3965 U
#B6A72D, 3975 U
#9C903F, 3985 U
#837B4A, 3995 U
#F9F29D, 600 U
#F7EF8F, 601 U
#F7EE83, 602 U
#F3E564, 603 U
#EDDC4D, 604 U
#E0CC39, 605 U
#CEB829, 606 U
#F3EAA1, 607 U
#F0E691, 608 U
#EBE081, 609 U
#E0D268, 610 U
#C8B94E, 611 U
#B7A73F, 612 U
#A29438, 613 U
#EEE29F, 461 U
#E8D98B, 460 U
#DDCB77, 459 U
#CEB964, 458 U
#AD9844, 457 U
#908145, 456 U
#776F48, 455 U
#E1D9A1, 614 U
#D8D096, 615 U
#CDC588, 616 U
#BBB275, 617 U
#A59D62, 618 U
#968D54, 619 U
#877F49, 620 U
#D1BD71, 7751 U
#D5B961, 7752 U
#C6AA5D, 7753 U
#A4915E, 7754 U
#90855F, 7755 U
#837D62, 7756 U
#7A755F, 7757 U
#DAC958, 7758 U
#C8B852, 7759 U
#968F5E, 7760 U
#828162, 7761 U
#747A63, 7762 U
#717463, 7763 U
#6C6E60, 7764 U
#C0BA5E, 7765 U
#BBB35F, 7766 U
#B1A763, 7767 U
#958B62, 7768 U
#81775F, 7769 U
#777261, 7770 U
#67655A, 7771 U
#D6CCA6, 4545 U
#CABE96, 4535 U
#C1B58C, 4525 U
#B1A57E, 4515 U
#A39771, 4505 U
#90845F, 4495 U
#7B6F4B, 4485 U
#C7C1AA, 2323 U
#AFA289, 2324 U
#A29681, 2325 U
#968C79, 2326 U
#8F8975, 2327 U
#807767, 2328 U
#766F61, 2329 U
#CAC8AC, 454 U
#BCB999, 453 U
#A8A687, 452 U
#929172, 451 U
#7E785A, 450 U
#716C54, 449 U
#66614E, 448 U
#FAEDBC, 7499 U
#E6D5AB, 7500 U
#DECBA5, 7501 U
#C7AF87, 7502 U
#9D9272, 7503 U
#948272, 7504 U
#887566, 7505 U
#E0CEAA, 468 U
#D2BA92, 467 U
#C1A67F, 466 U
#B0946F, 465 U
#9B7C56, 464 U
#856F51, 463 U
#70624D, 462 U
#F9E1B7, 7506 U
#FFDDAA, 7507 U
#E0B384, 7508 U
#D2A273, 7509 U
#BE8B60, 7510 U
#A77750, 7511 U
#966B47, 7512 U
#F2C6A2, 719 U
#ECBA93, 720 U
#DFA880, 721 U
#CA916C, 722 U
#B9825F, 723 U
#A57350, 724 U
#946747, 725 U
#FACCAD, 475 U
#F6BD9D, 474 U
#EEAB88, 473 U
#DB9271, 472 U
#BE7B54, 471 U
#A47052, 470 U
#7B604B, 469 U
#E8C6A9, 726 U
#DCB596, 727 U
#CAA182, 728 U
#BB9275, 729 U
#A57E62, 730 U
#957156, 731 U
#88674D, 732 U
#BFA086, 2316 U
#B18C71, 2317 U
#A17E65, 2318 U
#8D6E57, 2319 U
#795D48, 2320 U
#7C695C, 2321 U
#635242, 2322 U
#ECD0B4, 2309 U
#DCC2AA, 2310 U
#CCA88B, 2311 U
#BAA18D, 2312 U
#C19676, 2313 U
#A88063, 2314 U
#966340, 2315 U
#E6CAB3, 4685 U
#DAB9A1, 4675 U
#CAA58E, 4665 U
#B28E7B, 4655 U
#A07D6B, 4645 U
#92715E, 4635 U
#715845, 4625 U
#E7BBB4, 7513 U
#DAAB9C, 7514 U
#C2907F, 7515 U
#A07462, 7516 U
#936957, 7517 U
#817172, 7518 U
#756B66, 7519 U
#DCC6BB, 4755 U
#CEB4A9, 4745 U
#BDA195, 4735 U
#AE9188, 4725 U
#997D73, 4715 U
#8B6F66, 4705 U
#775C50, 4695 U
#DFC8B7, 482 U
#D3B7A7, 481 U
#C3A492, 480 U
#AC8C7E, 479 U
#8E6E5C, 478 U
#7D6556, 477 U
#6E5E52, 476 U
#DCD7D2, 7527 U
#D2C7C4, 7528 U
#BBAFA9, 7529 U
#A99C95, 7530 U
#8B7F79, 7531 U
#786E66, 7532 U
#6E645C, 7533 U
#D0CBC3, 7534 U
#C0BAB0, 7535 U
#AFA89D, 7536 U
#B4B8B6, 7537 U
#A5AAA8, 7538 U
#9C9EA0, 7539 U
#70747C, 7540 U
#C2C7CA, 427 U
#ACB3B8, 428 U
#91999F, 429 U
#808991, 430 U
#737B82, 431 U
#676C73, 432 U
#5B5D62, 433 U
#BDBEBD, 420 U
#B3B5B5, 421 U
#9EA1A2, 422 U
#909496, 423 U
#88898A, 424 U
#7C7E7F, 425 U
#686869, 426 U
#B9C2C1, 441 U
#ACB6B6, 442 U
#8F9A9B, 443 U
#7E8789, 444 U
#6B7173, 445 U
#636968, 446 U
#5F625F, 447 U
#BCBDB4, 413 U
#ABACA5, 414 U
#9D9F99, 415 U
#90928C, 416 U
#82847F, 417 U
#7A7B75, 418 U
#595955, 419 U
#D0CEC9, 2330 U
#B1ACAA, 2331 U
#8C8A88, 2332 U
#767474, 2333 U
#716E6E, 2334 U
#716966, 2335 U
#686666, 2336 U
#C7C1BA, 400 U
#B4AEA7, 401 U
#A39E98, 402 U
#928D88, 403 U
#8B8681, 404 U
#77726D, 405 U
#615D59, Black U
#C7BEBA, 406 U
#ABA2A0, 407 U
#9D9594, 408 U
#948B8A, 409 U
#8A8280, 410 U
#7A726F, 411 U
#645C59, 412 U
#D6CACB, 434 U
#B7A9AD, 435 U
#A99B9F, 436 U
#8D7F83, 437 U
#817275, 438 U
#736869, 439 U
#69615F, 440 U
#DBD5CD, Warm Gray 1 U
#CFC7C0, Warm Gray 2 U
#BEB6AF, Warm Gray 3 U
#B4ACA6, Warm Gray 4 U
#A9A19B, Warm Gray 5 U
#A29B96, Warm Gray 6 U
#968F8B, Warm Gray 7 U
#8E8884, Warm Gray 8 U
#867F7C, Warm Gray 9 U
#827C78, Warm Gray 10 U
#7D7773, Warm Gray 11 U
#DAD9D6, Cool Gray 1 U
#CACAC8, Cool Gray 2 U
#C5C5C5, Cool Gray 3 U
#B7B8B9, Cool Gray 4 U
#ADAEB0, Cool Gray 5 U
#A4A6A8, Cool Gray 6 U
#9C9EA0, Cool Gray 7 U
#939598, Cool Gray 8 U
#898B8E, Cool Gray 9 U
#818387, Cool Gray 10 U
#7A7D81, Cool Gray 11 U
#646052, Black 2 U
#595D59, Black 3 U
#696056, Black 4 U
#685A5C, Black 5 U
#4C4E56, Black 6 U
#6C6864, Black 7 U
#111111, Black 2 2XU
#111114, Black 3 2XU
#0F0F0F, Black 4 2XU
#110C0F, Black 5 2XU
#070C0F, Black 6 2XU
#33302B, Black 7 2XU
#00AACC, 801 U
#0089AF, 801 2XU
#00B59B, 808 U
#00A087, 808 2XU
#60DD49, 802 U
#1CCE28, 802 2XU
#DDE00F, 809 U
#D6D60C, 809 2XU
#FFED38, 803 U
#FFD816, 803 2XU
#FFCC1E, 810 U
#FFBC21, 810 2XU
#FF9338, 804 U
#FF7F1E, 804 2XU
#FF7247, 811 U
#FF5416, 811 2XU
#F95951, 805 U
#F93A2B, 805 2XU
#FC2366, 812 U
#FC074F, 812 2XU
#FF0093, 806 U
#F7027C, 806 2XU
#E50099, 813 U
#D10084, 813 2XU
#D6009E, 807 U
#BF008C, 807 2XU
#8C60C1, 814 U
#703FAF, 814 2XU